-- MySQL dump 10.13  Distrib 8.0.16, for Win64 (x86_64)
--
-- Host: 127.0.0.1    Database: online_exam
-- ------------------------------------------------------
-- Server version	8.0.16

/*!40101 SET @OLD_CHARACTER_SET_CLIENT=@@CHARACTER_SET_CLIENT */;
/*!40101 SET @OLD_CHARACTER_SET_RESULTS=@@CHARACTER_SET_RESULTS */;
/*!40101 SET @OLD_COLLATION_CONNECTION=@@COLLATION_CONNECTION */;
 SET NAMES utf8 ;
/*!40103 SET @OLD_TIME_ZONE=@@TIME_ZONE */;
/*!40103 SET TIME_ZONE='+00:00' */;
/*!40014 SET @OLD_UNIQUE_CHECKS=@@UNIQUE_CHECKS, UNIQUE_CHECKS=0 */;
/*!40014 SET @OLD_FOREIGN_KEY_CHECKS=@@FOREIGN_KEY_CHECKS, FOREIGN_KEY_CHECKS=0 */;
/*!40101 SET @OLD_SQL_MODE=@@SQL_MODE, SQL_MODE='NO_AUTO_VALUE_ON_ZERO' */;
/*!40111 SET @OLD_SQL_NOTES=@@SQL_NOTES, SQL_NOTES=0 */;

--
-- Table structure for table `exam`
--

DROP TABLE IF EXISTS `exam`;
/*!40101 SET @saved_cs_client     = @@character_set_client */;
 SET character_set_client = utf8mb4 ;
CREATE TABLE `exam` (
  `id` bigint(20) NOT NULL,
  `created_date` datetime DEFAULT NULL,
  `last_modified_date` datetime DEFAULT NULL,
  `duration_exam` int(11) DEFAULT NULL,
  `title` varchar(255) DEFAULT NULL,
  `created_by_id` bigint(20) DEFAULT NULL,
  `last_modified_by_id` bigint(20) DEFAULT NULL,
  PRIMARY KEY (`id`),
  KEY `FKn302ndih58mqpqyo9hcwaek2v` (`created_by_id`),
  KEY `FKfquo2liktm7jdxpq0s2vqlq7c` (`last_modified_by_id`)
) ENGINE=MyISAM DEFAULT CHARSET=utf8mb4 COLLATE=utf8mb4_0900_ai_ci;
/*!40101 SET character_set_client = @saved_cs_client */;

--
-- Dumping data for table `exam`
--

LOCK TABLES `exam` WRITE;
/*!40000 ALTER TABLE `exam` DISABLE KEYS */;
INSERT INTO `exam` VALUES (1,'2020-04-02 22:02:53','2020-04-02 22:02:53',120,'test',3,3),(2,'2020-04-02 22:06:49','2020-04-02 22:06:49',120,'test',3,3),(3,'2020-04-02 22:24:31','2020-04-02 22:24:31',120,'test',3,3);
/*!40000 ALTER TABLE `exam` ENABLE KEYS */;
UNLOCK TABLES;

--
-- Table structure for table `hibernate_sequence`
--

DROP TABLE IF EXISTS `hibernate_sequence`;
/*!40101 SET @saved_cs_client     = @@character_set_client */;
 SET character_set_client = utf8mb4 ;
CREATE TABLE `hibernate_sequence` (
  `next_val` bigint(20) DEFAULT NULL
) ENGINE=MyISAM DEFAULT CHARSET=utf8mb4 COLLATE=utf8mb4_0900_ai_ci;
/*!40101 SET character_set_client = @saved_cs_client */;

--
-- Dumping data for table `hibernate_sequence`
--

LOCK TABLES `hibernate_sequence` WRITE;
/*!40000 ALTER TABLE `hibernate_sequence` DISABLE KEYS */;
INSERT INTO `hibernate_sequence` VALUES (4),(4);
/*!40000 ALTER TABLE `hibernate_sequence` ENABLE KEYS */;
UNLOCK TABLES;

--
-- Table structure for table `profile`
--

DROP TABLE IF EXISTS `profile`;
/*!40101 SET @saved_cs_client     = @@character_set_client */;
 SET character_set_client = utf8mb4 ;
CREATE TABLE `profile` (
  `id` bigint(20) NOT NULL AUTO_INCREMENT,
  `first_name` varchar(255) DEFAULT NULL,
  `last_name` varchar(255) DEFAULT NULL,
  PRIMARY KEY (`id`)
) ENGINE=MyISAM AUTO_INCREMENT=9 DEFAULT CHARSET=utf8mb4 COLLATE=utf8mb4_0900_ai_ci;
/*!40101 SET character_set_client = @saved_cs_client */;

--
-- Dumping data for table `profile`
--

LOCK TABLES `profile` WRITE;
/*!40000 ALTER TABLE `profile` DISABLE KEYS */;
INSERT INTO `profile` VALUES (1,'Tâm','Huỳnh Thanh'),(8,'Bảo','Võ Quốc'),(7,'Lợi','Nguyễn Tấn');
/*!40000 ALTER TABLE `profile` ENABLE KEYS */;
UNLOCK TABLES;

--
-- Table structure for table `role`
--

DROP TABLE IF EXISTS `role`;
/*!40101 SET @saved_cs_client     = @@character_set_client */;
 SET character_set_client = utf8mb4 ;
CREATE TABLE `role` (
  `id` bigint(20) NOT NULL AUTO_INCREMENT,
  `name` varchar(255) DEFAULT NULL,
  PRIMARY KEY (`id`)
) ENGINE=MyISAM AUTO_INCREMENT=6 DEFAULT CHARSET=utf8mb4 COLLATE=utf8mb4_0900_ai_ci;
/*!40101 SET character_set_client = @saved_cs_client */;

--
-- Dumping data for table `role`
--

LOCK TABLES `role` WRITE;
/*!40000 ALTER TABLE `role` DISABLE KEYS */;
INSERT INTO `role` VALUES (1,'ROLE_ADMIN'),(2,'ROLE_MANAGER'),(3,'ROLE_LECTURE'),(4,'ROLE_STUDENT');
/*!40000 ALTER TABLE `role` ENABLE KEYS */;
UNLOCK TABLES;

--
-- Table structure for table `role_user`
--

DROP TABLE IF EXISTS `role_user`;
/*!40101 SET @saved_cs_client     = @@character_set_client */;
 SET character_set_client = utf8mb4 ;
CREATE TABLE `role_user` (
  `user_id` bigint(20) NOT NULL,
  `role_id` bigint(20) NOT NULL,
  `id` bigint(20) NOT NULL AUTO_INCREMENT,
  PRIMARY KEY (`id`),
  KEY `FKiqpmjd2qb4rdkej916ymonic6` (`role_id`),
  KEY `FK4320p8bgvumlxjkohtbj214qi` (`user_id`)
) ENGINE=MyISAM AUTO_INCREMENT=13 DEFAULT CHARSET=utf8mb4 COLLATE=utf8mb4_0900_ai_ci;
/*!40101 SET character_set_client = @saved_cs_client */;

--
-- Dumping data for table `role_user`
--

LOCK TABLES `role_user` WRITE;
/*!40000 ALTER TABLE `role_user` DISABLE KEYS */;
INSERT INTO `role_user` VALUES (1,1,4),(3,3,5),(4,4,6),(3,2,7),(11,4,11),(12,4,12);
/*!40000 ALTER TABLE `role_user` ENABLE KEYS */;
UNLOCK TABLES;

--
-- Table structure for table `user`
--

DROP TABLE IF EXISTS `user`;
/*!40101 SET @saved_cs_client     = @@character_set_client */;
 SET character_set_client = utf8mb4 ;
CREATE TABLE `user` (
  `id` bigint(20) NOT NULL AUTO_INCREMENT,
  `email` varchar(255) DEFAULT NULL,
  `enabled` bit(1) DEFAULT NULL,
  `password` varchar(255) DEFAULT NULL,
  `username` varchar(255) DEFAULT NULL,
  `profile_id` bigint(20) DEFAULT NULL,
  `created_date` datetime DEFAULT NULL,
  PRIMARY KEY (`id`),
  KEY `FKof44u64o1d7scaukghm9veo23` (`profile_id`)
) ENGINE=MyISAM AUTO_INCREMENT=13 DEFAULT CHARSET=utf8mb4 COLLATE=utf8mb4_0900_ai_ci;
/*!40101 SET character_set_client = @saved_cs_client */;

--
-- Dumping data for table `user`
--

LOCK TABLES `user` WRITE;
/*!40000 ALTER TABLE `user` DISABLE KEYS */;
INSERT INTO `user` VALUES (1,'thanhtam28ss@gmail.com',_binary '','$2a$10$3uoc7ak7mdukZO/emOKop.n3258i8g1PeIlEcl0mfiKibcP2nLriK','thanhtam28ss',NULL,NULL),(3,'tamht298@gmail.com',_binary '','$2a$10$3uoc7ak7mdukZO/emOKop.n3258i8g1PeIlEcl0mfiKibcP2nLriK','tamht298',NULL,NULL),(4,'httam@student.tdmu.edu.vn',_binary '','$2a$10$3uoc7ak7mdukZO/emOKop.n3258i8g1PeIlEcl0mfiKibcP2nLriK','1624801040051',1,NULL),(11,'tanloi.bdp@gmail.com',_binary '','$2a$10$AqoXbCsYnv2IQPY./aqhAu4rTHrfyuWEdm0ll9fyrtyl2xc.UDlTG','1524801040079',7,NULL),(12,'quocbao3398@gmail.com',_binary '','$2a$10$Y3axGDOm.SlN2ARWaD9x6eBU8Yl9AL5dkb6GuEXSzh5YOsgTV1Czy','1624801040003',8,NULL);
/*!40000 ALTER TABLE `user` ENABLE KEYS */;
UNLOCK TABLES;
/*!40103 SET TIME_ZONE=@OLD_TIME_ZONE */;

/*!40101 SET SQL_MODE=@OLD_SQL_MODE */;
/*!40014 SET FOREIGN_KEY_CHECKS=@OLD_FOREIGN_KEY_CHECKS */;
/*!40014 SET UNIQUE_CHECKS=@OLD_UNIQUE_CHECKS */;
/*!40101 SET CHARACTER_SET_CLIENT=@OLD_CHARACTER_SET_CLIENT */;
/*!40101 SET CHARACTER_SET_RESULTS=@OLD_CHARACTER_SET_RESULTS */;
/*!40101 SET COLLATION_CONNECTION=@OLD_COLLATION_CONNECTION */;
/*!40111 SET SQL_NOTES=@OLD_SQL_NOTES */;

-- Dump completed on 2020-04-06 21:10:40
