CREATE DATABASE  IF NOT EXISTS `online_exam` /*!40100 DEFAULT CHARACTER SET utf8mb4 COLLATE utf8mb4_0900_ai_ci */ /*!80016 DEFAULT ENCRYPTION='N' */;
USE `online_exam`;
-- MySQL dump 10.13  Distrib 8.0.19, for Win64 (x86_64)
--
-- Host: localhost    Database: online_exam
-- ------------------------------------------------------
-- Server version	8.0.19

/*!40101 SET @OLD_CHARACTER_SET_CLIENT=@@CHARACTER_SET_CLIENT */;
/*!40101 SET @OLD_CHARACTER_SET_RESULTS=@@CHARACTER_SET_RESULTS */;
/*!40101 SET @OLD_COLLATION_CONNECTION=@@COLLATION_CONNECTION */;
/*!50503 SET NAMES utf8 */;
/*!40103 SET @OLD_TIME_ZONE=@@TIME_ZONE */;
/*!40103 SET TIME_ZONE='+00:00' */;
/*!40014 SET @OLD_UNIQUE_CHECKS=@@UNIQUE_CHECKS, UNIQUE_CHECKS=0 */;
/*!40014 SET @OLD_FOREIGN_KEY_CHECKS=@@FOREIGN_KEY_CHECKS, FOREIGN_KEY_CHECKS=0 */;
/*!40101 SET @OLD_SQL_MODE=@@SQL_MODE, SQL_MODE='NO_AUTO_VALUE_ON_ZERO' */;
/*!40111 SET @OLD_SQL_NOTES=@@SQL_NOTES, SQL_NOTES=0 */;

--
-- Table structure for table `choice`
--

DROP TABLE IF EXISTS `choice`;
/*!40101 SET @saved_cs_client     = @@character_set_client */;
/*!50503 SET character_set_client = utf8mb4 */;
CREATE TABLE `choice` (
  `id` bigint NOT NULL AUTO_INCREMENT,
  `choice_text` varchar(255) DEFAULT NULL,
  `corrected` int DEFAULT NULL,
  `question_id` bigint DEFAULT NULL,
  PRIMARY KEY (`id`),
  KEY `FKcaq6r76cswke5b9fk6fyx3y5w` (`question_id`)
) ENGINE=MyISAM AUTO_INCREMENT=409 DEFAULT CHARSET=utf8mb4 COLLATE=utf8mb4_0900_ai_ci;
/*!40101 SET character_set_client = @saved_cs_client */;

--
-- Dumping data for table `choice`
--

LOCK TABLES `choice` WRITE;
/*!40000 ALTER TABLE `choice` DISABLE KEYS */;
INSERT INTO `choice` VALUES (9,'A & B',1,8),(8,'kill()',0,8),(7,'finishActivity(int requestCode)',0,8),(6,'finish()',0,8),(10,'None of the Above',0,8),(11,'Services always work in Foreground only',0,9),(12,'No,We can\'t do this query',0,9),(13,'Using startService(Intent intent)',0,9),(14,'startFordgroud(int id, Notification notification).',1,9),(15,'True',1,10),(80,'<p>Add &lt;context:annotation-config/&gt; to bean configuration.</p>',1,27),(78,'<p>Add &lt;annotation-config /&gt; to bean configuration.</p>',0,27),(79,'<p>Add &lt;annotation-context-config /&gt; to bean configuration.</p>',0,27),(87,'<p>Run advice after http request is processed with no exception.</p>',0,29),(86,'<p>Run advice after http response is returned only if http response is success.</p>',1,29),(77,'<p>Add &lt;annotation-context:config /&gt; to bean configuration.</p>',0,27),(76,'<p>session</p>',0,26),(75,'<p>reques</p>',0,26),(72,'<p>All of the above.</p>',0,25),(73,'<p>singleton</p>',1,26),(74,'<p>prototype</p>',0,26),(68,'<p>It is used to promote tight coupling in code.</p>',0,24),(71,'<p>Java based configuration.</p>',0,25),(69,'<p>XML Based configuration file.</p>',1,25),(70,'<p>Annotation based configuration.</p>',0,25),(67,'<p>It is a technique to get dependencies of any project.</p>',0,24),(66,'<p>It is one of the spring module.</p>',0,24),(65,'<p>It is a design pattern which implements Inversion of Control for software applications.</p>',1,24),(81,'<p>Aspect is a way to do the dependency injection.</p>',0,28),(82,'<p>A module which has a set of APIs providing cross-cutting requirements.</p>',1,28),(83,'<p>Aspect is used to log information of application.</p>',0,28),(84,'<p>Aspect represents properties of spring based application.</p>',0,28),(85,'<p>Run advice after a class loads only if class loads successfully.</p>',0,29),(88,'<p>Run advice after a method execution only if method completes successfully.</p>',0,29),(89,'<p>Beans</p>',0,30),(90,'<p>Aspects</p>',0,30),(91,'<p>JMS</p>',1,30),(92,'<p>Context</p>',0,30),(93,'<p>1.0</p>',0,31),(94,'<p>2.0</p>',0,31),(95,'<p>3.0</p>',1,31),(96,'<p>4.0</p>',0,31),(97,'<p>Run advice after a method execution regardless of its outcome.</p>',1,32),(98,'<p>Run advice after a class loads.</p>',0,32),(99,'<p>Run advice after http response is returned.</p>',0,32),(100,'<p>Run advice after http request is processed.</p>',0,32),(101,'<p>In Beans configuration file.</p>',0,33),(102,'<p>Web.xml file</p>',1,33),(103,'<p>Meta-inf/dispatcher.xml</p>',0,33),(104,'<p>Web-inf/ dispatcher.xml</p>',0,33),(105,'<p>SPHelper</p>',1,92),(106,'<p>JdbcTemplateCall</p>',0,92),(107,'<p><a href=\"javascript:void(0);\">JdbcTemplate</a></p>',0,92),(108,'<p>SimpleJdbcCall</p>',0,92),(109,'<p>Castor</p>',0,93),(110,'<p>Spring DAO</p>',0,93),(111,'<p>Hibernate</p>',0,93),(112,'<p>NoSQL</p>',1,93),(113,'<p>A Session is used to get a physical connection with a database.</p>',1,94),(114,'<p>The Session object is lightweight.</p>',1,94),(115,'<p>Persistent objects are saved and retrieved through a Session object.</p>',1,94),(116,'<p>None of the above</p>',0,94),(117,'True',1,95),(118,'<p>Session.read()</p>',0,96),(119,'<p>Session.get()</p>',1,96),(120,'<p>Session.retrieve()</p>',0,96),(121,'<p>Session.fetch()</p>',0,96),(122,'<p>&lt;set&gt;</p>',0,97),(123,'<p>&lt;list&gt;</p>',1,97),(124,'<p>&lt;bag&gt;</p>',0,97),(125,'<p>&lt;map&gt;</p>',0,97),(126,'<p>&lt;many-to-one&gt;</p>',1,98),(127,'<p>&lt;many-one&gt;</p>',0,98),(128,'<p>&lt;ManyToOne&gt;</p>',0,98),(129,'<p>None of the above.</p>',0,98),(130,'True',1,99),(131,'<p>Use it for reference data only.</p>',0,100),(132,'<p>Use this strategy for read-mostly data where it is critical to prevent stale data in concurrent transactions.</p>',0,100),(133,'<p>Use this strategy if data hardly ever changes and a small likelihood of stale data is not of critical concern.</p>',1,100),(134,'<p>None of the above.</p>',0,100),(135,'True',1,101),(136,'True',1,102),(137,'<p>It is fundamental Unit of Work in Maven.</p>',1,117),(138,'<p>It is an XML file.</p>',1,117),(139,'<p>None of the above.</p>',0,117),(140,'<p>Each artifact has a group ID, an artifact ID (just a name), and a version string.</p>',1,118),(141,'<p>The group ID,artifact ID and version together uniquely identify the artifact.</p>',1,118),(142,'<p>A project\'s dependencies are specified as artifacts.</p>',1,118),(143,'<p>None of the above.</p>',0,118),(144,'<p>integration-test</p>',0,119),(145,'<p>verify</p>',0,119),(146,'<p>install</p>',1,119),(147,'<p><a href=\"javascript:void(0);\">deploy</a></p>',0,119),(148,'<p>A repository is a place i.e. directory where all the project jars, library jar, plugins or any other project specific artifacts are stored.</p>',1,120),(149,'<p>Maven repository is used by Maven.</p>',1,120),(150,'<p><a href=\"javascript:void(0);\">None of the above.</a></p>',0,120),(151,'<p>Build plugins</p>',1,121),(152,'<p><a href=\"javascript:void(0);\">Reporting plugins</a></p>',0,121),(153,'<p><a href=\"javascript:void(0);\">Both of the above</a></p>',0,121),(154,'<p><a href=\"javascript:void(0);\">None of the above.</a></p>',0,121),(155,'<p>The &lt;execution&gt; element contains information\'s required for the execution of a plugin.</p>',1,122),(156,'<p>The &lt;execution&gt; element contains information\'s required for the execution of a project.</p>',0,122),(157,'<p><a href=\"javascript:void(0);\">Both of the above.</a></p>',0,122),(158,'<p><a href=\"javascript:void(0);\">None of the above.</a></p>',0,122),(159,'<p>mvn help:effective-pom</p>',1,123),(160,'<p>mvn help</p>',0,123),(161,'<p>mvn help:super-pom</p>',0,123),(162,'<p>None of the above.</p>',0,123),(163,'<p>process-resources</p>',1,124),(164,'<p>pre-integration-test</p>',0,124),(165,'<p>prepare-package</p>',0,124),(166,'<p>None of the above.</p>',0,124),(167,'<p>create jar file.</p>',1,125),(168,'<p>create war file.</p>',1,125),(169,'<p>create ear file.</p>',1,125),(170,'<p>None of the above</p>',0,125),(171,'True',1,126),(172,'<p>Each artifact has a group ID, an artifact ID (just a name), and a version string.</p>',1,127),(173,'<p>The group ID,artifact ID and version together uniquely identify the artifact.</p>',1,127),(174,'<p>A project\'s dependencies are specified as artifacts.</p>',1,127),(175,'<p>None of the above.</p>',0,127),(176,'<p>integration-test</p>',0,128),(177,'<p>verify</p>',0,128),(178,'<p>install</p>',1,128),(179,'<p>deploy</p>',0,128),(180,'<p>A repository is a place i.e. directory where all the project jars, library jar, plugins or any other project specific artifacts are stored.</p>',0,129),(181,'<p>Maven repository is used by Maven.</p>',0,129),(182,'<p>Both of the above.</p>',1,129),(183,'<p>None of the above.</p>',0,129),(184,'<p>Build plugins</p>',1,130),(185,'<p>Reporting plugins</p>',0,130),(186,'<p>Both of the above</p>',0,130),(187,'<p>None of the above.</p>',0,130),(188,'<p>compile</p>',0,131),(189,'<p>provided</p>',0,131),(190,'<p>runtime</p>',1,131),(191,'<p>test</p>',0,131),(192,'<p>The &lt;execution&gt; element contains information\'s required for the execution of a project.</p>',0,132),(193,'<p>The &lt;execution&gt; element contains information\'s required for the execution of a plugin.</p>',1,132),(194,'<p>Both of the above.</p>',0,132),(195,'<p>None of the above.</p>',0,132),(196,'F',1,133),(197,'<p>process-resources</p>',0,134),(198,'<p>pre-integration-test</p>',1,134),(199,'<p>prepare-package</p>',0,134),(200,'<p>None of the above.</p>',0,134),(201,'<p>create jar file.</p>',1,135),(202,'<p>create war file.</p>',1,135),(203,'<p>create ear file.</p>',1,135),(204,'<p>None of the above</p>',0,135),(205,'<p>Manual testing is less reliable as tests may not be performed with precision each time because of human errors.</p>',0,136),(206,'<p>No programming can be done to write sophisticated tests which fetch hidden information.</p>',0,136),(207,'<p>Both of the above.</p>',1,136),(208,'<p>None of the above.</p>',0,136),(209,'<p>Fixture includes setUp() method which runs before every test invocation.</p>',0,137),(210,'<p>Fixture includes tearDown() method which runs after every test method.</p>',0,137),(211,'<p>Both of the above</p>',1,137),(212,'<p>None of the above.</p>',0,137),(213,'<p>Assert</p>',0,138),(214,'<p>TestResult</p>',0,138),(215,'<p>TestCase</p>',0,138),(216,'<p>TestSuite</p>',1,138),(217,'<p>void runTestCase (TestResult result)</p>',0,139),(218,'<p>void runTest (TestResult result)</p>',0,139),(219,'<p>void runTestAndSave (TestResult result)</p>',0,139),(220,'<p>void run (TestResult result)</p>',1,139),(221,'<p>void stopTest()</p>',0,140),(222,'<p>void stop()</p>',1,140),(223,'<p>void stopTest(Test test)</p>',0,140),(224,'<p>void breakTest(Test test)</p>',0,140),(225,'True',1,141),(226,'True',1,142),(227,'F',1,143),(228,'True',1,144),(229,'<p>JUnit tests can be organized into test suites containing test cases and even other test suites.</p>',1,145),(230,'<p>JUnit shows test progress in a bar that is green if test is going fine and it turns red when a test fails in eclipse.</p>',1,145),(231,'<p>JUnit tests can be not organized into test suites containing test cases and even other test suites.</p>',0,145),(232,'<p><a href=\"javascript:void(0);\">None of the above.</a></p>',0,145),(233,'<p>Assert</p>',1,146),(234,'<p>TestCase</p>',0,146),(235,'<p>TestResult</p>',0,146),(236,'<p>TestSuite</p>',0,146),(237,'<p>@Test</p>',1,147),(238,'<p>@Before</p>',0,147),(239,'<p>@After</p>',0,147),(240,'<p>@BeforeClass</p>',0,147),(241,'<p>int countTestCases()</p>',1,148),(242,'<p>int executedTestCases()</p>',0,148),(243,'<p>int getTestCaseCount()</p>',0,148),(244,'<p>int testCases()</p>',0,148),(245,'<p>void showResult(Test test)</p>',0,149),(246,'<p>void getResult(Test test)</p>',0,149),(247,'<p>void endTest(Test test)</p>',1,149),(248,'<p>void startTest(Test test)</p>',0,149),(249,'<p>Enumeration&lt;Object&gt; errors()</p>',0,150),(250,'<p>Enumeration&lt;TestFailure&gt; errors()</p>',0,150),(251,'<p>Enumeration&lt;TestFailure&gt; getErrors()</p>',1,150),(252,'<p>Enumeration&lt;Object&gt; getErrors()</p>',0,150),(253,'True',1,151),(254,'True',1,152),(255,'True',1,153),(256,'True',1,154),(257,'<p>You need to add the viewport meta tag to the element, to ensure proper rendering and touch zooming on mobile devices.</p>',1,155),(258,'<p>width property controls the width of the device. Setting it to device-width will make sure that it is rendered across various devices (mobiles,desktops,tablets...) properly.</p>',1,155),(259,'<p>initial-scale=1.0 ensures that when loaded, your web page will be rendered at a 1:1 scale, and no zooming will be applied out of the box.</p>',1,155),(260,'<p>None of the above</p>',0,155),(261,'<p>.table-hover</p>',0,156),(262,'<p>.table-bordered</p>',1,156),(263,'<p>.table-striped</p>',0,156),(264,'<p>.table</p>',0,156),(265,'<p>.btn-warning</p>',1,157),(266,'<p>.btn-danger</p>',0,157),(267,'<p>.btn-link</p>',0,157),(268,'<p>.btn-info</p>',0,157),(269,'<p>.btn-group</p>',1,158),(270,'<p>.btn-toolbar</p>',0,158),(271,'<p>.btn-group-lg</p>',0,158),(272,'<p>.btn-group-vertical</p>',0,158),(273,'<p>.btn-group</p>',0,159),(274,'<p>.btn-toolbar</p>',0,159),(275,'<p>.btn-group-lg</p>',1,159),(276,'<p>.btn-group-vertical</p>',0,159),(277,'<p>.pager</p>',1,160),(278,'<p>.pagination</p>',0,160),(279,'<p>.nav</p>',0,160),(280,'<p>None of the above.</p>',0,160),(281,'<p>.pager-previous, .pager-next</p>',0,161),(282,'<p>.previous, .next</p>',1,161),(283,'<p>.link-previous, .link-next</p>',0,161),(284,'<p>None of the above.</p>',0,161),(285,'<p>well-lg or well-sm classes are used in conjunction with .well class.</p>',1,162),(286,'<p>You can change the size of well using the optional classes such as, well-lg or well-sm.</p>',1,162),(287,'<p>None of the above.</p>',0,162),(288,'<p>You can toggle the Tab plugin\'s hidden content via data attributes.</p>',0,163),(289,'<p>You can toggle the Tab plugin\'s hidden content via javascript.</p>',0,163),(290,'<p>Both of the above.</p>',1,163),(291,'<p>None of the above.</p>',0,163),(292,'<p>You can toggle the Popover plugin\'s hidden content via data attributes.</p>',0,164),(293,'<p>You can toggle the Popover plugin\'s hidden content via javascript.</p>',0,164),(294,'<p>Both of the above.</p>',1,164),(295,'<p>None of the above.</p>',0,164),(296,'F',1,165),(297,'<p>Model View Control</p>',1,166),(298,'<p>Model View Controller</p>',0,166),(299,'<p>Main View Controller</p>',0,166),(300,'<p>Main View Control</p>',0,166),(301,'<p>$dirty flag states that value has been changed.</p>',1,167),(302,'<p>$dirty flag states that form has invalid data.</p>',0,167),(303,'<p>Both of the above.</p>',0,167),(304,'<p>None of the above.</p>',0,167),(305,'<p>$invalid flag states that value has been changed.</p>',0,168),(306,'<p>$invalid flag states that form has invalid data.</p>',1,168),(307,'<p>Both of the above.</p>',0,168),(308,'<p>None of the above.</p>',0,168),(309,'<p>Services are JavaScript functions.</p>',1,169),(310,'<p>Services are responsible to do specific tasks only</p>',1,169),(311,'<p>Inbuilt services are always prefixed with $ symbol.</p>',0,169),(312,'<p>None of the above.</p>',0,169),(313,'<p>Element directives</p>',1,170),(314,'<p>Attribute</p>',0,170),(315,'<p>CSS</p>',0,170),(316,'<p>All of the above.</p>',0,170),(317,'True',1,171),(318,'True',1,172),(319,'True',1,173),(320,'<p>I/O bound Applications</p>',0,174),(321,'<p>Data Streaming Applications</p>',0,174),(322,'<p>Data Intensive Realtime Applications (DIRT)</p>',0,174),(323,'<p>All of the above.</p>',1,174),(324,'<p>package.json is present in the root directory of any Node application/module.</p>',0,175),(325,'<p>package.json is used to define the properties of a package.</p>',0,175),(326,'<p>package.json can be used to update dependencies of a Node application.</p>',0,175),(327,'<p>All of the above.</p>',1,175),(328,'<p>events</p>',1,176),(329,'<p>callback</p>',0,176),(330,'<p>throw</p>',0,176),(331,'<p>handler</p>',0,176),(332,'<p>fs.close(fd, callback)</p>',1,177),(333,'<p>fs.closeFile(fd, callback)</p>',0,177),(334,'<p>fs.closePath(fd, callback)</p>',0,177),(335,'<p>None of the above.</p>',0,177),(336,'<p>The clearTimeout( t ) global function is used to stop a timer that was previously created with setTimeout().</p>',1,178),(337,'<p>The clearTimeout( t ) function returns an opaque value that represents the timer which can be used to clear the timer.</p>',0,178),(338,'<p>Both of the above.</p>',0,178),(339,'<p>None of the above.</p>',0,178),(340,'True',1,179),(341,'<p>fs.extname(\'main.js\')</p>',1,180),(342,'<p>path.extname(\'main.js\')</p>',0,180),(343,'<p>os.extname(\'main.js\')</p>',0,180),(344,'<p>None of the above.</p>',0,180),(345,'True',1,181),(346,'<p>Error emmitter is executing its code within run method of a domain.</p>',0,182),(347,'<p>Error emmitter is added explicitly to a domain using its add method.</p>',1,182),(348,'<p>Both of the above.</p>',0,182),(349,'<p>None of the above.</p>',0,182),(350,'True',1,183),(351,'<p>The PHP configuration file, php.ini, is the final and most immediate way to affect PHP\'s functionality.</p>',0,184),(352,'<p>The php.ini file is read each time PHP is initialized.</p>',0,184),(353,'<p>Both of the above.</p>',1,184),(354,'<p>None of the above.</p>',0,184),(355,'<p>If the value is a number, it is false if exactly equal to zero and true otherwise.</p>',1,185),(356,'<p>If the value is a string, it is false if the string is empty (has zero characters) or is the string \"0\", and is true otherwise.</p>',1,185),(357,'<p>Values of type NULL are always false.</p>',1,185),(358,'<p>None of the above</p>',0,185),(359,'<p>_LINE_</p>',1,186),(360,'<p>_FILE_</p>',0,186),(361,'<p>_FUNCTION_</p>',0,186),(362,'<p>_CLASS_</p>',0,186),(363,'<p>Numeric Array</p>',0,187),(364,'<p>Associative Array</p>',1,187),(365,'<p>Multidimentional Array</p>',0,187),(366,'<p>None of the above.</p>',0,187),(367,'<p>srand()</p>',0,188),(368,'<p>rand()</p>',1,188),(369,'<p>random()</p>',0,188),(370,'<p>None of the above.</p>',0,188),(371,'True',1,189),(372,'<p>session_start() function</p>',1,190),(373,'<p>$_SESSION[]</p>',0,190),(374,'<p>isset() function</p>',0,190),(375,'<p>session_destroy() function</p>',0,190),(376,'<p>$_FILES[\'file\'][\'tmp_name\']</p>',0,191),(377,'<p>$_FILES[\'file\'][\'name\']</p>',0,191),(378,'<p>$_FILES[\'file\'][\'size\']</p>',0,191),(379,'<p>$_FILES[\'file\'][\'type\']</p>',1,191),(380,'<p>getMessage()</p>',0,192),(381,'<p>getCode()</p>',0,192),(382,'<p>getTrace()</p>',1,192),(383,'<p>getTraceAsString()</p>',0,192),(384,'<p>time()</p>',0,193),(385,'<p>getdate()</p>',0,193),(386,'<p>date()</p>',1,193),(387,'<p>None of the above</p>',0,193),(388,'<p>Creating and starting a messaging service that will work in parallel with the Web role to manage queued messages</p>',0,206),(389,'<p>Creating an always-running service that periodically makes HTTP calls to other websites to determine their availability</p>',0,206),(390,'<p>Managing error handling for the application</p>',0,206),(391,'<p>Starting and supporting a logging application for use by the Worker role</p>',0,206),(392,'<p>A, B and D</p>',1,206),(393,'<p>All of the above</p>',0,206),(394,'<p>@PutMapping</p>',0,208),(395,'<ul><li>@PostMapping</li></ul>',1,208),(396,'<ul><li>@Put</li></ul>',0,208),(397,'<ul><li>@Post</li></ul>',0,208),(398,'<p>abstract</p>',0,210),(399,'<p><a href=\"javascript:void(0);\">as</a></p>',0,210),(400,'<p><a href=\"javascript:void(0);\">foreach</a></p>',0,210),(401,'<p>All of the above.</p>',1,210),(402,'<p>HTTP DELETE</p>',0,211),(403,'<p>HTTP GET</p>',1,211),(404,'<p><a href=\"javascript:void(0);\">HTTP CONNECT</a></p>',0,211),(405,'<p>null</p>',0,215),(406,'<p>0</p>',0,215),(407,'<p>Depends upon the type of variable</p>',1,215),(408,'<p><a href=\"javascript:void(0);\">Not assigned</a></p>',0,215);
/*!40000 ALTER TABLE `choice` ENABLE KEYS */;
UNLOCK TABLES;

--
-- Table structure for table `course`
--

DROP TABLE IF EXISTS `course`;
/*!40101 SET @saved_cs_client     = @@character_set_client */;
/*!50503 SET character_set_client = utf8mb4 */;
CREATE TABLE `course` (
  `id` bigint NOT NULL AUTO_INCREMENT,
  `course_code` varchar(10) NOT NULL,
  `name` varchar(255) DEFAULT NULL,
  `img_url` varchar(255) DEFAULT NULL,
  PRIMARY KEY (`id`),
  UNIQUE KEY `course_code_UNIQUE` (`course_code`)
) ENGINE=MyISAM AUTO_INCREMENT=23 DEFAULT CHARSET=utf8mb4 COLLATE=utf8mb4_0900_ai_ci;
/*!40101 SET character_set_client = @saved_cs_client */;

--
-- Dumping data for table `course`
--

LOCK TABLES `course` WRITE;
/*!40000 ALTER TABLE `course` DISABLE KEYS */;
INSERT INTO `course` VALUES (5,'G03','Professional Speaking','https://isc-quiz.s3-ap-southeast-1.amazonaws.com/course/Professional_Speaking.jpg'),(4,'G02','Critical Thinking','https://isc-quiz.s3-ap-southeast-1.amazonaws.com/course/Critical_Thinking.jpg'),(3,'G01','Working Process','https://isc-quiz.s3-ap-southeast-1.amazonaws.com/course/Working_Process.jpg'),(6,'G04','Technical Writing','https://isc-quiz.s3-ap-southeast-1.amazonaws.com/course/Technical_Writing.jpg'),(7,'G05','Software Testing Process','https://isc-quiz.s3-ap-southeast-1.amazonaws.com/course/Software_Testing_Process.jpg'),(8,'G06','Database Management Systems','https://isc-quiz.s3-ap-southeast-1.amazonaws.com/course/Database_Management_Systems.png'),(9,'G07','Front-End (Bootstrap + Angular.js +jQuery)','https://isc-quiz.s3-ap-southeast-1.amazonaws.com/course/front_end.png'),(10,'N01','.NET Back-End','https://isc-quiz.s3-ap-southeast-1.amazonaws.com/course/NET_Back_End.jpg'),(12,'J01','Java Back-End','https://isc-quiz.s3-ap-southeast-1.amazonaws.com/course/Java_Back_End.png'),(13,'S01','Node.js','https://isc-quiz.s3-ap-southeast-1.amazonaws.com/course/Node_js.png'),(14,'P01','PHP Back-End','https://isc-quiz.s3-ap-southeast-1.amazonaws.com/course/PHP_Back_End.jpg'),(15,'R01','Ruby on Rails Back-End','https://isc-quiz.s3-ap-southeast-1.amazonaws.com/course/Ruby_on_Rails_Back_End.png'),(16,'A01','Basic Android Programming','https://isc-quiz.s3-ap-southeast-1.amazonaws.com/course/Basic_Android_Programming.jpg'),(17,'A02','Advanced Android Programming','https://isc-quiz.s3-ap-southeast-1.amazonaws.com/course/Advanced_Android_Programming.png'),(18,'I01','Swift Fundamental','https://isc-quiz.s3-ap-southeast-1.amazonaws.com/course/Swift_Fundamental.jpg'),(19,'I02','Developing iOS Application with Swift','https://isc-quiz.s3-ap-southeast-1.amazonaws.com/course/Developing_iOS_Application_with_Swift.jpg'),(20,'T01','Security in Information Systems','https://isc-quiz.s3-ap-southeast-1.amazonaws.com/course/Security_in_Information_Systems.png'),(21,'T02','Selenium','https://isc-quiz.s3-ap-southeast-1.amazonaws.com/course/Selenium.jpg');
/*!40000 ALTER TABLE `course` ENABLE KEYS */;
UNLOCK TABLES;

--
-- Table structure for table `course_intake`
--

DROP TABLE IF EXISTS `course_intake`;
/*!40101 SET @saved_cs_client     = @@character_set_client */;
/*!50503 SET character_set_client = utf8mb4 */;
CREATE TABLE `course_intake` (
  `intake_id` bigint NOT NULL,
  `course_id` bigint NOT NULL,
  KEY `FKan8tncye00ffyt8dowyfw7ojs` (`intake_id`),
  KEY `FKji22iedtllc5etdcuqwnvucyr` (`course_id`)
) ENGINE=MyISAM DEFAULT CHARSET=utf8mb4 COLLATE=utf8mb4_0900_ai_ci;
/*!40101 SET character_set_client = @saved_cs_client */;

--
-- Dumping data for table `course_intake`
--

LOCK TABLES `course_intake` WRITE;
/*!40000 ALTER TABLE `course_intake` DISABLE KEYS */;
INSERT INTO `course_intake` VALUES (1,5),(1,4),(1,7),(1,8),(2,4),(2,5),(2,7),(2,8),(3,4),(3,5),(3,7),(3,8),(5,4),(5,5),(5,7),(5,8),(6,4),(6,5),(6,7),(6,8),(7,4),(7,5),(7,7),(7,8),(8,4),(8,5),(8,7),(8,8),(9,4),(9,5),(9,7),(9,8),(10,4),(10,5),(10,7),(10,8),(1,9),(1,12),(2,9),(2,10),(3,9),(3,13),(4,14),(4,9),(4,15),(4,9),(5,16),(5,17),(6,16),(6,17),(7,18),(7,19),(8,18),(8,19),(9,20),(10,21),(10,3),(9,3),(8,3),(7,3),(6,3),(5,3),(4,3),(3,3),(2,3),(1,3),(1,6),(2,6),(3,6),(4,6),(5,6),(6,6),(7,6),(8,6),(9,6),(10,6);
/*!40000 ALTER TABLE `course_intake` ENABLE KEYS */;
UNLOCK TABLES;

--
-- Table structure for table `exam`
--

DROP TABLE IF EXISTS `exam`;
/*!40101 SET @saved_cs_client     = @@character_set_client */;
/*!50503 SET character_set_client = utf8mb4 */;
CREATE TABLE `exam` (
  `id` bigint NOT NULL,
  `created_date` datetime DEFAULT NULL,
  `last_modified_date` datetime DEFAULT NULL,
  `begin_exam` datetime DEFAULT NULL,
  `duration_exam` int DEFAULT NULL,
  `finish_exam` datetime DEFAULT NULL,
  `shuffle` tinyint DEFAULT NULL,
  `question_data` text,
  `title` varchar(255) DEFAULT NULL,
  `created_by_id` bigint DEFAULT NULL,
  `last_modified_by_id` bigint DEFAULT NULL,
  `intake_id` bigint DEFAULT NULL,
  `part_id` bigint DEFAULT NULL,
  `canceled` bit(1) DEFAULT NULL,
  PRIMARY KEY (`id`),
  KEY `FKn532brmq33lmdtkitoilmi80h` (`created_by_id`),
  KEY `FK63a66i6bhnrb0r4jxa433oy4d` (`last_modified_by_id`),
  KEY `FKp5vlkv6hupefokqlkqes6adaq` (`intake_id`),
  KEY `FK6gn733myw9089bt1byf73ywvk` (`part_id`)
) ENGINE=MyISAM DEFAULT CHARSET=utf8mb4 COLLATE=utf8mb4_0900_ai_ci;
/*!40101 SET character_set_client = @saved_cs_client */;

--
-- Dumping data for table `exam`
--

LOCK TABLES `exam` WRITE;
/*!40000 ALTER TABLE `exam` DISABLE KEYS */;
INSERT INTO `exam` VALUES (195,'2020-07-12 08:03:45','2020-07-12 08:03:45','2020-07-12 08:03:32',20,'2020-07-13 08:03:34',1,'[{\"questionId\":10,\"point\":10},{\"questionId\":24,\"point\":10},{\"questionId\":25,\"point\":5},{\"questionId\":26,\"point\":5},{\"questionId\":27,\"point\":5},{\"questionId\":28,\"point\":5},{\"questionId\":29,\"point\":5},{\"questionId\":30,\"point\":15},{\"questionId\":31,\"point\":15},{\"questionId\":32,\"point\":15},{\"questionId\":33,\"point\":5},{\"questionId\":92,\"point\":5}]','Java Spring Boot ISC01-01',1,1,1,73,_binary '\0'),(197,'2020-07-12 08:14:45','2020-07-12 08:14:45','2020-07-12 08:15:10',20,'2020-07-14 08:14:16',0,'[{\"questionId\":117,\"point\":5},{\"questionId\":118,\"point\":5},{\"questionId\":119,\"point\":5},{\"questionId\":120,\"point\":10},{\"questionId\":121,\"point\":15},{\"questionId\":122,\"point\":5},{\"questionId\":123,\"point\":5},{\"questionId\":124,\"point\":5},{\"questionId\":126,\"point\":5},{\"questionId\":128,\"point\":15},{\"questionId\":129,\"point\":15},{\"questionId\":131,\"point\":5},{\"questionId\":135,\"point\":5}]','Java Maven ISC01-01',1,1,1,72,_binary '\0'),(199,'2020-07-12 15:25:15','2020-07-12 15:25:15','2020-07-12 15:40:38',15,'2020-07-13 15:24:41',1,'[{\"questionId\":155,\"point\":10},{\"questionId\":156,\"point\":10},{\"questionId\":158,\"point\":10},{\"questionId\":159,\"point\":10},{\"questionId\":160,\"point\":10},{\"questionId\":161,\"point\":10},{\"questionId\":162,\"point\":15},{\"questionId\":163,\"point\":15},{\"questionId\":164,\"point\":10}]','Bootstrap ISC01-01',1,1,1,46,_binary '\0'),(200,'2020-07-12 23:02:15','2020-07-13 21:27:56','2020-07-12 23:01:45',20,'2020-07-14 23:01:48',1,'[{\"questionId\":165,\"point\":15},{\"questionId\":166,\"point\":15},{\"questionId\":167,\"point\":10},{\"questionId\":168,\"point\":10},{\"questionId\":169,\"point\":10},{\"questionId\":170,\"point\":10},{\"questionId\":171,\"point\":10},{\"questionId\":172,\"point\":10},{\"questionId\":173,\"point\":10}]','Angular ISC01-01',3,3,1,50,_binary '\0'),(201,'2020-07-12 23:41:33','2020-07-12 23:41:33','2020-07-12 23:41:22',15,'2020-07-14 23:41:24',1,'[{\"questionId\":144,\"point\":5},{\"questionId\":145,\"point\":15},{\"questionId\":147,\"point\":10},{\"questionId\":148,\"point\":10},{\"questionId\":149,\"point\":15},{\"questionId\":150,\"point\":5},{\"questionId\":151,\"point\":5},{\"questionId\":152,\"point\":10},{\"questionId\":153,\"point\":10},{\"questionId\":140,\"point\":5},{\"questionId\":141,\"point\":10}]','Unit Test ISC01',3,3,1,75,_binary '\0'),(202,'2020-07-13 11:59:17','2020-07-13 11:59:17','2020-07-14 11:58:59',20,'2020-07-15 11:59:04',0,'[{\"questionId\":10,\"point\":10},{\"questionId\":24,\"point\":10},{\"questionId\":25,\"point\":10},{\"questionId\":26,\"point\":5},{\"questionId\":27,\"point\":5},{\"questionId\":28,\"point\":5},{\"questionId\":29,\"point\":5},{\"questionId\":30,\"point\":15},{\"questionId\":31,\"point\":15},{\"questionId\":32,\"point\":15},{\"questionId\":92,\"point\":5}]','Java basic ISC01-01',1,1,1,73,_binary '\0'),(203,'2020-07-13 12:44:40','2020-07-13 19:55:45','2020-07-15 12:43:47',20,'2020-07-16 12:43:50',0,'[{\"questionId\":159,\"point\":10},{\"questionId\":160,\"point\":10},{\"questionId\":161,\"point\":10},{\"questionId\":162,\"point\":15},{\"questionId\":163,\"point\":15},{\"questionId\":164,\"point\":10},{\"questionId\":155,\"point\":10},{\"questionId\":157,\"point\":10},{\"questionId\":156,\"point\":10}]','Bootstrap ISC02-01',1,1,2,46,_binary '\0'),(204,'2020-07-13 21:49:10','2020-07-13 22:29:15','2020-07-15 21:48:57',20,'2020-07-16 21:49:01',1,'[{\"questionId\":156,\"point\":10},{\"questionId\":157,\"point\":10},{\"questionId\":158,\"point\":10},{\"questionId\":159,\"point\":10},{\"questionId\":160,\"point\":10},{\"questionId\":161,\"point\":10},{\"questionId\":162,\"point\":15},{\"questionId\":163,\"point\":15},{\"questionId\":164,\"point\":10}]','Bootstrap ISC02-02',1,1,2,46,_binary '\0'),(205,'2020-07-13 22:23:50','2020-07-13 22:43:32','2020-07-16 22:23:02',20,'2020-07-17 22:23:08',1,'[{\"questionId\":120,\"point\":10},{\"questionId\":121,\"point\":15},{\"questionId\":124,\"point\":5},{\"questionId\":125,\"point\":15},{\"questionId\":126,\"point\":5},{\"questionId\":127,\"point\":15},{\"questionId\":130,\"point\":15},{\"questionId\":131,\"point\":5},{\"questionId\":132,\"point\":5},{\"questionId\":133,\"point\":5},{\"questionId\":135,\"point\":5}]','Maven ISC01-01',1,1,1,72,_binary ''),(207,'2020-07-14 23:42:25','2020-07-14 23:42:25','2020-07-14 23:40:51',20,'2020-07-15 23:40:57',1,'[{\"questionId\":24,\"point\":10},{\"questionId\":25,\"point\":10},{\"questionId\":26,\"point\":5},{\"questionId\":10,\"point\":10},{\"questionId\":27,\"point\":5},{\"questionId\":29,\"point\":5},{\"questionId\":30,\"point\":15},{\"questionId\":31,\"point\":15},{\"questionId\":32,\"point\":15},{\"questionId\":33,\"point\":5},{\"questionId\":92,\"point\":5}]','Spring Boot ISC01-0',1,NULL,1,73,_binary '\0'),(209,'2020-07-15 00:01:06','2020-07-15 00:01:06','2020-07-16 00:00:50',20,'2020-07-17 00:00:53',0,'[{\"questionId\":156,\"point\":10},{\"questionId\":157,\"point\":10},{\"questionId\":158,\"point\":10},{\"questionId\":159,\"point\":10},{\"questionId\":160,\"point\":10},{\"questionId\":161,\"point\":10},{\"questionId\":162,\"point\":15},{\"questionId\":163,\"point\":15},{\"questionId\":164,\"point\":10}]','Test Huỷ',1,NULL,2,46,_binary ''),(212,'2020-07-16 21:06:01','2020-07-16 21:06:01','2020-07-16 21:04:25',20,'2020-07-17 21:04:28',0,'[{\"questionId\":128,\"point\":15},{\"questionId\":124,\"point\":5},{\"questionId\":126,\"point\":5},{\"questionId\":131,\"point\":5},{\"questionId\":129,\"point\":15},{\"questionId\":130,\"point\":15},{\"questionId\":122,\"point\":10},{\"questionId\":132,\"point\":5},{\"questionId\":133,\"point\":5},{\"questionId\":134,\"point\":15},{\"questionId\":135,\"point\":5}]','Test',1,NULL,1,72,_binary '\0'),(213,'2020-07-16 21:29:24','2020-07-16 21:29:24','2020-07-18 21:28:50',30,'2020-07-19 21:28:53',1,'[{\"questionId\":94,\"point\":10},{\"questionId\":95,\"point\":10},{\"questionId\":96,\"point\":10},{\"questionId\":97,\"point\":10},{\"questionId\":98,\"point\":10},{\"questionId\":99,\"point\":10},{\"questionId\":100,\"point\":10},{\"questionId\":101,\"point\":10},{\"questionId\":102,\"point\":10},{\"questionId\":139,\"point\":10}]','New',1,NULL,1,74,_binary '\0'),(214,'2020-07-16 22:24:43','2020-07-16 22:24:43','2020-07-16 22:24:12',20,'2020-07-18 22:24:19',0,'[{\"questionId\":136,\"point\":5},{\"questionId\":137,\"point\":5},{\"questionId\":145,\"point\":15},{\"questionId\":147,\"point\":10},{\"questionId\":148,\"point\":10},{\"questionId\":149,\"point\":15},{\"questionId\":150,\"point\":5},{\"questionId\":151,\"point\":5},{\"questionId\":152,\"point\":10},{\"questionId\":153,\"point\":10},{\"questionId\":154,\"point\":10}]','Test Java',1,NULL,1,75,_binary '\0');
/*!40000 ALTER TABLE `exam` ENABLE KEYS */;
UNLOCK TABLES;

--
-- Table structure for table `exam_user`
--

DROP TABLE IF EXISTS `exam_user`;
/*!40101 SET @saved_cs_client     = @@character_set_client */;
/*!50503 SET character_set_client = utf8mb4 */;
CREATE TABLE `exam_user` (
  `id` bigint NOT NULL AUTO_INCREMENT,
  `answer_sheet` text,
  `is_finished` tinyint DEFAULT NULL,
  `is_started` tinyint DEFAULT NULL,
  `remaining_time` int DEFAULT NULL,
  `time_finish` datetime DEFAULT NULL,
  `time_start` datetime DEFAULT NULL,
  `total_point` double DEFAULT NULL,
  `exam_id` bigint DEFAULT NULL,
  `user_id` bigint DEFAULT NULL,
  PRIMARY KEY (`id`),
  KEY `FKpvet665enmcbtnoecju2epqmp` (`exam_id`),
  KEY `FKf4k82qyfrltw832j76mfq4pgg` (`user_id`)
) ENGINE=MyISAM AUTO_INCREMENT=164 DEFAULT CHARSET=utf8mb4 COLLATE=utf8mb4_0900_ai_ci;
/*!40101 SET character_set_client = @saved_cs_client */;

--
-- Dumping data for table `exam_user`
--

LOCK TABLES `exam_user` WRITE;
/*!40000 ALTER TABLE `exam_user` DISABLE KEYS */;
INSERT INTO `exam_user` VALUES (1,'[{\"questionId\":92,\"choices\":[{\"id\":105,\"choiceText\":\"<p>SPHelper</p>\",\"isCorrected\":1},{\"id\":106,\"choiceText\":\"<p>JdbcTemplateCall</p>\",\"isCorrected\":0},{\"id\":107,\"choiceText\":\"<p><a href=\\\"javascript:void(0);\\\">JdbcTemplate</a></p>\",\"isCorrected\":0},{\"id\":108,\"choiceText\":\"<p>SimpleJdbcCall</p>\",\"isCorrected\":0}],\"point\":5},{\"questionId\":29,\"choices\":[{\"id\":87,\"choiceText\":\"<p>Run advice after http request is processed with no exception.</p>\",\"isCorrected\":0},{\"id\":86,\"choiceText\":\"<p>Run advice after http response is returned only if http response is success.</p>\",\"isCorrected\":1},{\"id\":85,\"choiceText\":\"<p>Run advice after a class loads only if class loads successfully.</p>\",\"isCorrected\":0},{\"id\":88,\"choiceText\":\"<p>Run advice after a method execution only if method completes successfully.</p>\",\"isCorrected\":0}],\"point\":5},{\"questionId\":26,\"choices\":[{\"id\":76,\"choiceText\":\"<p>session</p>\",\"isCorrected\":0},{\"id\":75,\"choiceText\":\"<p>reques</p>\",\"isCorrected\":1},{\"id\":73,\"choiceText\":\"<p>singleton</p>\",\"isCorrected\":0},{\"id\":74,\"choiceText\":\"<p>prototype</p>\",\"isCorrected\":0}],\"point\":5},{\"questionId\":10,\"choices\":[{\"id\":15,\"choiceText\":\"True\",\"isCorrected\":1}],\"point\":10},{\"questionId\":33,\"choices\":[{\"id\":101,\"choiceText\":\"<p>In Beans configuration file.</p>\",\"isCorrected\":0},{\"id\":102,\"choiceText\":\"<p>Web.xml file</p>\",\"isCorrected\":1},{\"id\":103,\"choiceText\":\"<p>Meta-inf/dispatcher.xml</p>\",\"isCorrected\":0},{\"id\":104,\"choiceText\":\"<p>Web-inf/ dispatcher.xml</p>\",\"isCorrected\":0}],\"point\":5},{\"questionId\":25,\"choices\":[{\"id\":72,\"choiceText\":\"<p>All of the above.</p>\",\"isCorrected\":0},{\"id\":71,\"choiceText\":\"<p>Java based configuration.</p>\",\"isCorrected\":0},{\"id\":69,\"choiceText\":\"<p>XML Based configuration file.</p>\",\"isCorrected\":1},{\"id\":70,\"choiceText\":\"<p>Annotation based configuration.</p>\",\"isCorrected\":0}],\"point\":5},{\"questionId\":31,\"choices\":[{\"id\":93,\"choiceText\":\"<p>1.0</p>\",\"isCorrected\":0},{\"id\":94,\"choiceText\":\"<p>2.0</p>\",\"isCorrected\":1},{\"id\":95,\"choiceText\":\"<p>3.0</p>\",\"isCorrected\":0},{\"id\":96,\"choiceText\":\"<p>4.0</p>\",\"isCorrected\":0}],\"point\":15},{\"questionId\":27,\"choices\":[{\"id\":80,\"choiceText\":\"<p>Add &lt;context:annotation-config/&gt; to bean configuration.</p>\",\"isCorrected\":0},{\"id\":78,\"choiceText\":\"<p>Add &lt;annotation-config /&gt; to bean configuration.</p>\",\"isCorrected\":0},{\"id\":79,\"choiceText\":\"<p>Add &lt;annotation-context-config /&gt; to bean configuration.</p>\",\"isCorrected\":0},{\"id\":77,\"choiceText\":\"<p>Add &lt;annotation-context:config /&gt; to bean configuration.</p>\",\"isCorrected\":1}],\"point\":5},{\"questionId\":30,\"choices\":[{\"id\":89,\"choiceText\":\"<p>Beans</p>\",\"isCorrected\":1},{\"id\":90,\"choiceText\":\"<p>Aspects</p>\",\"isCorrected\":0},{\"id\":91,\"choiceText\":\"<p>JMS</p>\",\"isCorrected\":0},{\"id\":92,\"choiceText\":\"<p>Context</p>\",\"isCorrected\":0}],\"point\":15},{\"questionId\":24,\"choices\":[{\"id\":68,\"choiceText\":\"<p>It is used to promote tight coupling in code.</p>\",\"isCorrected\":0},{\"id\":67,\"choiceText\":\"<p>It is a technique to get dependencies of any project.</p>\",\"isCorrected\":1},{\"id\":66,\"choiceText\":\"<p>It is one of the spring module.</p>\",\"isCorrected\":0},{\"id\":65,\"choiceText\":\"<p>It is a design pattern which implements Inversion of Control for software applications.</p>\",\"isCorrected\":0}],\"point\":10},{\"questionId\":28,\"choices\":[{\"id\":81,\"choiceText\":\"<p>Aspect is a way to do the dependency injection.</p>\",\"isCorrected\":0},{\"id\":82,\"choiceText\":\"<p>A module which has a set of APIs providing cross-cutting requirements.</p>\",\"isCorrected\":0},{\"id\":83,\"choiceText\":\"<p>Aspect is used to log information of application.</p>\",\"isCorrected\":1},{\"id\":84,\"choiceText\":\"<p>Aspect represents properties of spring based application.</p>\",\"isCorrected\":0}],\"point\":5},{\"questionId\":32,\"choices\":[{\"id\":97,\"choiceText\":\"<p>Run advice after a method execution regardless of its outcome.</p>\",\"isCorrected\":1},{\"id\":98,\"choiceText\":\"<p>Run advice after a class loads.</p>\",\"isCorrected\":0},{\"id\":99,\"choiceText\":\"<p>Run advice after http response is returned.</p>\",\"isCorrected\":0},{\"id\":100,\"choiceText\":\"<p>Run advice after http request is processed.</p>\",\"isCorrected\":0}],\"point\":15}]',1,1,1124,'2020-07-12 08:05:22','2020-07-12 08:03:54',45,195,4),(2,NULL,0,0,1200,NULL,NULL,0,195,11),(3,NULL,0,0,1200,NULL,NULL,-1,195,12),(4,NULL,0,0,1200,NULL,NULL,0,195,47),(5,NULL,0,0,1200,NULL,NULL,-1,195,49),(6,NULL,0,0,1200,NULL,NULL,-1,195,50),(7,NULL,0,0,1200,NULL,NULL,-1,195,51),(8,NULL,0,0,1200,NULL,NULL,-1,195,52),(9,NULL,0,0,1200,NULL,NULL,-1,195,53),(10,NULL,0,0,1200,NULL,NULL,-1,195,54),(21,'[{\"questionId\":117,\"choices\":[{\"id\":137,\"choiceText\":\"<p>It is fundamental Unit of Work in Maven.</p>\",\"isCorrected\":1},{\"id\":138,\"choiceText\":\"<p>It is an XML file.</p>\",\"isCorrected\":1},{\"id\":139,\"choiceText\":\"<p>None of the above.</p>\",\"isCorrected\":0}],\"point\":5},{\"questionId\":118,\"choices\":[{\"id\":140,\"choiceText\":\"<p>Each artifact has a group ID, an artifact ID (just a name), and a version string.</p>\",\"isCorrected\":1},{\"id\":141,\"choiceText\":\"<p>The group ID,artifact ID and version together uniquely identify the artifact.</p>\",\"isCorrected\":1},{\"id\":142,\"choiceText\":\"<p>A project\'s dependencies are specified as artifacts.</p>\",\"isCorrected\":1},{\"id\":143,\"choiceText\":\"<p>None of the above.</p>\",\"isCorrected\":0}],\"point\":5},{\"questionId\":119,\"choices\":[{\"id\":144,\"choiceText\":\"<p>integration-test</p>\",\"isCorrected\":1},{\"id\":145,\"choiceText\":\"<p>verify</p>\",\"isCorrected\":0},{\"id\":146,\"choiceText\":\"<p>install</p>\",\"isCorrected\":0},{\"id\":147,\"choiceText\":\"<p><a href=\\\"javascript:void(0);\\\">deploy</a></p>\",\"isCorrected\":0}],\"point\":5},{\"questionId\":120,\"choices\":[{\"id\":148,\"choiceText\":\"<p>A repository is a place i.e. directory where all the project jars, library jar, plugins or any other project specific artifacts are stored.</p>\",\"isCorrected\":1},{\"id\":149,\"choiceText\":\"<p>Maven repository is used by Maven.</p>\",\"isCorrected\":1},{\"id\":150,\"choiceText\":\"<p><a href=\\\"javascript:void(0);\\\">None of the above.</a></p>\",\"isCorrected\":0}],\"point\":10},{\"questionId\":121,\"choices\":[{\"id\":151,\"choiceText\":\"<p>Build plugins</p>\",\"isCorrected\":0},{\"id\":152,\"choiceText\":\"<p><a href=\\\"javascript:void(0);\\\">Reporting plugins</a></p>\",\"isCorrected\":0},{\"id\":153,\"choiceText\":\"<p><a href=\\\"javascript:void(0);\\\">Both of the above</a></p>\",\"isCorrected\":1},{\"id\":154,\"choiceText\":\"<p><a href=\\\"javascript:void(0);\\\">None of the above.</a></p>\",\"isCorrected\":0}],\"point\":15},{\"questionId\":122,\"choices\":[{\"id\":155,\"choiceText\":\"<p>The &lt;execution&gt; element contains information\'s required for the execution of a plugin.</p>\",\"isCorrected\":0},{\"id\":156,\"choiceText\":\"<p>The &lt;execution&gt; element contains information\'s required for the execution of a project.</p>\",\"isCorrected\":0},{\"id\":157,\"choiceText\":\"<p><a href=\\\"javascript:void(0);\\\">Both of the above.</a></p>\",\"isCorrected\":1},{\"id\":158,\"choiceText\":\"<p><a href=\\\"javascript:void(0);\\\">None of the above.</a></p>\",\"isCorrected\":0}],\"point\":5},{\"questionId\":123,\"choices\":[{\"id\":159,\"choiceText\":\"<p>mvn help:effective-pom</p>\",\"isCorrected\":0},{\"id\":160,\"choiceText\":\"<p>mvn help</p>\",\"isCorrected\":0},{\"id\":161,\"choiceText\":\"<p>mvn help:super-pom</p>\",\"isCorrected\":0},{\"id\":162,\"choiceText\":\"<p>None of the above.</p>\",\"isCorrected\":1}],\"point\":5},{\"questionId\":124,\"choices\":[{\"id\":163,\"choiceText\":\"<p>process-resources</p>\",\"isCorrected\":0},{\"id\":164,\"choiceText\":\"<p>pre-integration-test</p>\",\"isCorrected\":0},{\"id\":165,\"choiceText\":\"<p>prepare-package</p>\",\"isCorrected\":0},{\"id\":166,\"choiceText\":\"<p>None of the above.</p>\",\"isCorrected\":1}],\"point\":5},{\"questionId\":126,\"choices\":[{\"id\":171,\"choiceText\":\"True\",\"isCorrected\":1}],\"point\":5},{\"questionId\":128,\"choices\":[{\"id\":176,\"choiceText\":\"<p>integration-test</p>\",\"isCorrected\":0},{\"id\":177,\"choiceText\":\"<p>verify</p>\",\"isCorrected\":1},{\"id\":178,\"choiceText\":\"<p>install</p>\",\"isCorrected\":0},{\"id\":179,\"choiceText\":\"<p>deploy</p>\",\"isCorrected\":0}],\"point\":15},{\"questionId\":129,\"choices\":[{\"id\":180,\"choiceText\":\"<p>A repository is a place i.e. directory where all the project jars, library jar, plugins or any other project specific artifacts are stored.</p>\",\"isCorrected\":0},{\"id\":181,\"choiceText\":\"<p>Maven repository is used by Maven.</p>\",\"isCorrected\":0},{\"id\":182,\"choiceText\":\"<p>Both of the above.</p>\",\"isCorrected\":1},{\"id\":183,\"choiceText\":\"<p>None of the above.</p>\",\"isCorrected\":0}],\"point\":15},{\"questionId\":131,\"choices\":[{\"id\":188,\"choiceText\":\"<p>compile</p>\",\"isCorrected\":1},{\"id\":189,\"choiceText\":\"<p>provided</p>\",\"isCorrected\":0},{\"id\":190,\"choiceText\":\"<p>runtime</p>\",\"isCorrected\":0},{\"id\":191,\"choiceText\":\"<p>test</p>\",\"isCorrected\":0}],\"point\":5},{\"questionId\":135,\"choices\":[{\"id\":201,\"choiceText\":\"<p>create jar file.</p>\",\"isCorrected\":0},{\"id\":202,\"choiceText\":\"<p>create war file.</p>\",\"isCorrected\":0},{\"id\":203,\"choiceText\":\"<p>create ear file.</p>\",\"isCorrected\":0},{\"id\":204,\"choiceText\":\"<p>None of the above</p>\",\"isCorrected\":1}],\"point\":5}]',1,1,1157,'2020-07-12 08:36:48','2020-07-12 08:36:05',40,197,4),(22,NULL,0,0,1200,NULL,NULL,-1,197,11),(23,NULL,0,0,1200,NULL,NULL,-1,197,12),(24,NULL,0,0,1200,NULL,NULL,-1,197,47),(25,NULL,0,0,1200,NULL,NULL,-1,197,49),(26,NULL,0,0,1200,NULL,NULL,-1,197,50),(27,NULL,0,0,1200,NULL,NULL,-1,197,51),(28,NULL,0,0,1200,NULL,NULL,-1,197,52),(29,NULL,0,0,1200,NULL,NULL,-1,197,53),(30,NULL,0,0,1200,NULL,NULL,-1,197,54),(41,'[{\"questionId\":159,\"choices\":[{\"id\":273,\"choiceText\":\"<p>.btn-group</p>\",\"isCorrected\":0},{\"id\":274,\"choiceText\":\"<p>.btn-toolbar</p>\",\"isCorrected\":1},{\"id\":275,\"choiceText\":\"<p>.btn-group-lg</p>\",\"isCorrected\":0},{\"id\":276,\"choiceText\":\"<p>.btn-group-vertical</p>\",\"isCorrected\":0}],\"point\":10},{\"questionId\":160,\"choices\":[{\"id\":277,\"choiceText\":\"<p>.pager</p>\",\"isCorrected\":0},{\"id\":278,\"choiceText\":\"<p>.pagination</p>\",\"isCorrected\":0},{\"id\":279,\"choiceText\":\"<p>.nav</p>\",\"isCorrected\":1},{\"id\":280,\"choiceText\":\"<p>None of the above.</p>\",\"isCorrected\":0}],\"point\":10},{\"questionId\":158,\"choices\":[{\"id\":269,\"choiceText\":\"<p>.btn-group</p>\",\"isCorrected\":0},{\"id\":270,\"choiceText\":\"<p>.btn-toolbar</p>\",\"isCorrected\":0},{\"id\":271,\"choiceText\":\"<p>.btn-group-lg</p>\",\"isCorrected\":1},{\"id\":272,\"choiceText\":\"<p>.btn-group-vertical</p>\",\"isCorrected\":0}],\"point\":10},{\"questionId\":156,\"choices\":[{\"id\":261,\"choiceText\":\"<p>.table-hover</p>\",\"isCorrected\":0},{\"id\":262,\"choiceText\":\"<p>.table-bordered</p>\",\"isCorrected\":0},{\"id\":263,\"choiceText\":\"<p>.table-striped</p>\",\"isCorrected\":0},{\"id\":264,\"choiceText\":\"<p>.table</p>\",\"isCorrected\":1}],\"point\":10},{\"questionId\":162,\"choices\":[{\"id\":285,\"choiceText\":\"<p>well-lg or well-sm classes are used in conjunction with .well class.</p>\",\"isCorrected\":1},{\"id\":286,\"choiceText\":\"<p>You can change the size of well using the optional classes such as, well-lg or well-sm.</p>\",\"isCorrected\":1},{\"id\":287,\"choiceText\":\"<p>None of the above.</p>\",\"isCorrected\":0}],\"point\":15},{\"questionId\":155,\"choices\":[{\"id\":257,\"choiceText\":\"<p>You need to add the viewport meta tag to the element, to ensure proper rendering and touch zooming on mobile devices.</p>\",\"isCorrected\":1},{\"id\":258,\"choiceText\":\"<p>width property controls the width of the device. Setting it to device-width will make sure that it is rendered across various devices (mobiles,desktops,tablets...) properly.</p>\",\"isCorrected\":1},{\"id\":259,\"choiceText\":\"<p>initial-scale=1.0 ensures that when loaded, your web page will be rendered at a 1:1 scale, and no zooming will be applied out of the box.</p>\",\"isCorrected\":1},{\"id\":260,\"choiceText\":\"<p>None of the above</p>\",\"isCorrected\":0}],\"point\":10},{\"questionId\":164,\"choices\":[{\"id\":292,\"choiceText\":\"<p>You can toggle the Popover plugin\'s hidden content via data attributes.</p>\",\"isCorrected\":0},{\"id\":293,\"choiceText\":\"<p>You can toggle the Popover plugin\'s hidden content via javascript.</p>\",\"isCorrected\":0},{\"id\":294,\"choiceText\":\"<p>Both of the above.</p>\",\"isCorrected\":1},{\"id\":295,\"choiceText\":\"<p>None of the above.</p>\",\"isCorrected\":0}],\"point\":10},{\"questionId\":161,\"choices\":[{\"id\":281,\"choiceText\":\"<p>.pager-previous, .pager-next</p>\",\"isCorrected\":0},{\"id\":282,\"choiceText\":\"<p>.previous, .next</p>\",\"isCorrected\":0},{\"id\":283,\"choiceText\":\"<p>.link-previous, .link-next</p>\",\"isCorrected\":0},{\"id\":284,\"choiceText\":\"<p>None of the above.</p>\",\"isCorrected\":1}],\"point\":10},{\"questionId\":163,\"choices\":[{\"id\":288,\"choiceText\":\"<p>You can toggle the Tab plugin\'s hidden content via data attributes.</p>\",\"isCorrected\":0},{\"id\":289,\"choiceText\":\"<p>You can toggle the Tab plugin\'s hidden content via javascript.</p>\",\"isCorrected\":0},{\"id\":290,\"choiceText\":\"<p>Both of the above.</p>\",\"isCorrected\":1},{\"id\":291,\"choiceText\":\"<p>None of the above.</p>\",\"isCorrected\":0}],\"point\":15}]',1,1,860,'2020-07-12 15:45:35','2020-07-12 15:44:55',50,199,4),(42,NULL,0,0,900,NULL,NULL,-1,199,11),(43,NULL,0,0,900,NULL,NULL,-1,199,12),(44,NULL,0,0,900,NULL,NULL,-1,199,47),(45,NULL,0,0,900,NULL,NULL,-1,199,49),(46,NULL,0,0,900,NULL,NULL,-1,199,50),(47,NULL,0,0,900,NULL,NULL,-1,199,51),(48,NULL,0,0,900,NULL,NULL,-1,199,52),(49,NULL,0,0,900,NULL,NULL,-1,199,53),(50,NULL,0,0,900,NULL,NULL,-1,199,54),(51,'[{\"questionId\":167,\"choices\":[{\"id\":301,\"choiceText\":\"<p>$dirty flag states that value has been changed.</p>\",\"isCorrected\":0},{\"id\":302,\"choiceText\":\"<p>$dirty flag states that form has invalid data.</p>\",\"isCorrected\":1},{\"id\":303,\"choiceText\":\"<p>Both of the above.</p>\",\"isCorrected\":0},{\"id\":304,\"choiceText\":\"<p>None of the above.</p>\",\"isCorrected\":0}],\"point\":10},{\"questionId\":170,\"choices\":[{\"id\":313,\"choiceText\":\"<p>Element directives</p>\",\"isCorrected\":1},{\"id\":314,\"choiceText\":\"<p>Attribute</p>\",\"isCorrected\":0},{\"id\":315,\"choiceText\":\"<p>CSS</p>\",\"isCorrected\":0},{\"id\":316,\"choiceText\":\"<p>All of the above.</p>\",\"isCorrected\":0}],\"point\":10},{\"questionId\":171,\"choices\":[{\"id\":317,\"choiceText\":\"True\",\"isCorrected\":1}],\"point\":10},{\"questionId\":168,\"choices\":[{\"id\":305,\"choiceText\":\"<p>$invalid flag states that value has been changed.</p>\",\"isCorrected\":0},{\"id\":306,\"choiceText\":\"<p>$invalid flag states that form has invalid data.</p>\",\"isCorrected\":1},{\"id\":307,\"choiceText\":\"<p>Both of the above.</p>\",\"isCorrected\":0},{\"id\":308,\"choiceText\":\"<p>None of the above.</p>\",\"isCorrected\":0}],\"point\":10},{\"questionId\":173,\"choices\":[{\"id\":319,\"choiceText\":\"True\",\"isCorrected\":1}],\"point\":10},{\"questionId\":166,\"choices\":[{\"id\":297,\"choiceText\":\"<p>Model View Control</p>\",\"isCorrected\":0},{\"id\":298,\"choiceText\":\"<p>Model View Controller</p>\",\"isCorrected\":0},{\"id\":299,\"choiceText\":\"<p>Main View Controller</p>\",\"isCorrected\":1},{\"id\":300,\"choiceText\":\"<p>Main View Control</p>\",\"isCorrected\":0}],\"point\":10},{\"questionId\":165,\"choices\":[{\"id\":296,\"choiceText\":\"True\",\"isCorrected\":1}],\"point\":10},{\"questionId\":172,\"choices\":[{\"id\":318,\"choiceText\":\"True\",\"isCorrected\":1}],\"point\":10},{\"questionId\":169,\"choices\":[{\"id\":309,\"choiceText\":\"<p>Services are JavaScript functions.</p>\",\"isCorrected\":0},{\"id\":310,\"choiceText\":\"<p>Services are responsible to do specific tasks only</p>\",\"isCorrected\":0},{\"id\":311,\"choiceText\":\"<p>Inbuilt services are always prefixed with $ symbol.</p>\",\"isCorrected\":0},{\"id\":312,\"choiceText\":\"<p>None of the above.</p>\",\"isCorrected\":0}],\"point\":10}]',1,1,1164,'2020-07-13 07:32:47','2020-07-13 07:32:11',50,200,4),(52,NULL,0,0,1200,NULL,NULL,-1,200,11),(53,NULL,0,0,1200,NULL,NULL,-1,200,12),(54,NULL,0,0,1200,NULL,NULL,-1,200,47),(55,NULL,0,0,1200,NULL,NULL,-1,200,49),(56,NULL,0,0,1200,NULL,NULL,-1,200,50),(57,NULL,0,0,1200,NULL,NULL,-1,200,51),(58,NULL,0,0,1200,NULL,NULL,-1,200,52),(59,NULL,0,0,1200,NULL,NULL,-1,200,53),(60,NULL,0,0,1200,NULL,NULL,-1,200,54),(61,'[{\"questionId\":140,\"choices\":[{\"id\":221,\"choiceText\":\"<p>void stopTest()</p>\",\"isCorrected\":1},{\"id\":222,\"choiceText\":\"<p>void stop()</p>\",\"isCorrected\":0},{\"id\":223,\"choiceText\":\"<p>void stopTest(Test test)</p>\",\"isCorrected\":0},{\"id\":224,\"choiceText\":\"<p>void breakTest(Test test)</p>\",\"isCorrected\":0}],\"point\":5},{\"questionId\":152,\"choices\":[{\"id\":254,\"choiceText\":\"True\",\"isCorrected\":1}],\"point\":10},{\"questionId\":144,\"choices\":[{\"id\":228,\"choiceText\":\"True\",\"isCorrected\":1}],\"point\":5},{\"questionId\":147,\"choices\":[{\"id\":237,\"choiceText\":\"<p>@Test</p>\",\"isCorrected\":0},{\"id\":238,\"choiceText\":\"<p>@Before</p>\",\"isCorrected\":0},{\"id\":239,\"choiceText\":\"<p>@After</p>\",\"isCorrected\":1},{\"id\":240,\"choiceText\":\"<p>@BeforeClass</p>\",\"isCorrected\":0}],\"point\":10},{\"questionId\":151,\"choices\":[{\"id\":253,\"choiceText\":\"True\",\"isCorrected\":1}],\"point\":5},{\"questionId\":149,\"choices\":[{\"id\":245,\"choiceText\":\"<p>void showResult(Test test)</p>\",\"isCorrected\":0},{\"id\":246,\"choiceText\":\"<p>void getResult(Test test)</p>\",\"isCorrected\":0},{\"id\":247,\"choiceText\":\"<p>void endTest(Test test)</p>\",\"isCorrected\":1},{\"id\":248,\"choiceText\":\"<p>void startTest(Test test)</p>\",\"isCorrected\":0}],\"point\":15},{\"questionId\":150,\"choices\":[{\"id\":249,\"choiceText\":\"<p>Enumeration&lt;Object&gt; errors()</p>\",\"isCorrected\":0},{\"id\":250,\"choiceText\":\"<p>Enumeration&lt;TestFailure&gt; errors()</p>\",\"isCorrected\":1},{\"id\":251,\"choiceText\":\"<p>Enumeration&lt;TestFailure&gt; getErrors()</p>\",\"isCorrected\":0},{\"id\":252,\"choiceText\":\"<p>Enumeration&lt;Object&gt; getErrors()</p>\",\"isCorrected\":0}],\"point\":5},{\"questionId\":148,\"choices\":[{\"id\":241,\"choiceText\":\"<p>int countTestCases()</p>\",\"isCorrected\":0},{\"id\":242,\"choiceText\":\"<p>int executedTestCases()</p>\",\"isCorrected\":1},{\"id\":243,\"choiceText\":\"<p>int getTestCaseCount()</p>\",\"isCorrected\":0},{\"id\":244,\"choiceText\":\"<p>int testCases()</p>\",\"isCorrected\":0}],\"point\":10},{\"questionId\":141,\"choices\":[{\"id\":225,\"choiceText\":\"True\",\"isCorrected\":1}],\"point\":10},{\"questionId\":145,\"choices\":[{\"id\":229,\"choiceText\":\"<p>JUnit tests can be organized into test suites containing test cases and even other test suites.</p>\",\"isCorrected\":1},{\"id\":230,\"choiceText\":\"<p>JUnit shows test progress in a bar that is green if test is going fine and it turns red when a test fails in eclipse.</p>\",\"isCorrected\":1},{\"id\":231,\"choiceText\":\"<p>JUnit tests can be not organized into test suites containing test cases and even other test suites.</p>\",\"isCorrected\":1},{\"id\":232,\"choiceText\":\"<p><a href=\\\"javascript:void(0);\\\">None of the above.</a></p>\",\"isCorrected\":0}],\"point\":15},{\"questionId\":153,\"choices\":[{\"id\":255,\"choiceText\":\"True\",\"isCorrected\":1}],\"point\":10}]',1,1,876,'2020-07-13 13:15:54','2020-07-13 13:15:30',70,201,4),(62,NULL,0,0,900,NULL,NULL,-1,201,11),(63,NULL,0,0,900,NULL,NULL,-1,201,12),(64,NULL,0,0,900,NULL,NULL,-1,201,47),(65,NULL,0,0,900,NULL,NULL,-1,201,49),(66,NULL,0,0,900,NULL,NULL,-1,201,50),(67,NULL,0,0,900,NULL,NULL,-1,201,51),(68,NULL,0,0,900,NULL,NULL,-1,201,52),(69,NULL,0,0,900,NULL,NULL,-1,201,53),(70,NULL,0,0,900,NULL,NULL,-1,201,54),(71,'[{\"questionId\":10,\"choices\":[{\"id\":15,\"choiceText\":\"True\",\"isCorrected\":1}],\"point\":10},{\"questionId\":24,\"choices\":[{\"id\":68,\"choiceText\":\"<p>It is used to promote tight coupling in code.</p>\",\"isCorrected\":1},{\"id\":67,\"choiceText\":\"<p>It is a technique to get dependencies of any project.</p>\",\"isCorrected\":0},{\"id\":66,\"choiceText\":\"<p>It is one of the spring module.</p>\",\"isCorrected\":0},{\"id\":65,\"choiceText\":\"<p>It is a design pattern which implements Inversion of Control for software applications.</p>\",\"isCorrected\":0}],\"point\":10},{\"questionId\":25,\"choices\":[{\"id\":72,\"choiceText\":\"<p>All of the above.</p>\",\"isCorrected\":1},{\"id\":71,\"choiceText\":\"<p>Java based configuration.</p>\",\"isCorrected\":0},{\"id\":69,\"choiceText\":\"<p>XML Based configuration file.</p>\",\"isCorrected\":0},{\"id\":70,\"choiceText\":\"<p>Annotation based configuration.</p>\",\"isCorrected\":0}],\"point\":5},{\"questionId\":26,\"choices\":[{\"id\":76,\"choiceText\":\"<p>session</p>\",\"isCorrected\":1},{\"id\":75,\"choiceText\":\"<p>reques</p>\",\"isCorrected\":0},{\"id\":73,\"choiceText\":\"<p>singleton</p>\",\"isCorrected\":0},{\"id\":74,\"choiceText\":\"<p>prototype</p>\",\"isCorrected\":0}],\"point\":5},{\"questionId\":27,\"choices\":[{\"id\":80,\"choiceText\":\"<p>Add &lt;context:annotation-config/&gt; to bean configuration.</p>\",\"isCorrected\":0},{\"id\":78,\"choiceText\":\"<p>Add &lt;annotation-config /&gt; to bean configuration.</p>\",\"isCorrected\":1},{\"id\":79,\"choiceText\":\"<p>Add &lt;annotation-context-config /&gt; to bean configuration.</p>\",\"isCorrected\":0},{\"id\":77,\"choiceText\":\"<p>Add &lt;annotation-context:config /&gt; to bean configuration.</p>\",\"isCorrected\":0}],\"point\":5},{\"questionId\":28,\"choices\":[{\"id\":81,\"choiceText\":\"<p>Aspect is a way to do the dependency injection.</p>\",\"isCorrected\":1},{\"id\":82,\"choiceText\":\"<p>A module which has a set of APIs providing cross-cutting requirements.</p>\",\"isCorrected\":0},{\"id\":83,\"choiceText\":\"<p>Aspect is used to log information of application.</p>\",\"isCorrected\":0},{\"id\":84,\"choiceText\":\"<p>Aspect represents properties of spring based application.</p>\",\"isCorrected\":0}],\"point\":5},{\"questionId\":29,\"choices\":[{\"id\":87,\"choiceText\":\"<p>Run advice after http request is processed with no exception.</p>\",\"isCorrected\":0},{\"id\":86,\"choiceText\":\"<p>Run advice after http response is returned only if http response is success.</p>\",\"isCorrected\":1},{\"id\":85,\"choiceText\":\"<p>Run advice after a class loads only if class loads successfully.</p>\",\"isCorrected\":0},{\"id\":88,\"choiceText\":\"<p>Run advice after a method execution only if method completes successfully.</p>\",\"isCorrected\":0}],\"point\":5},{\"questionId\":30,\"choices\":[{\"id\":89,\"choiceText\":\"<p>Beans</p>\",\"isCorrected\":0},{\"id\":90,\"choiceText\":\"<p>Aspects</p>\",\"isCorrected\":1},{\"id\":91,\"choiceText\":\"<p>JMS</p>\",\"isCorrected\":0},{\"id\":92,\"choiceText\":\"<p>Context</p>\",\"isCorrected\":0}],\"point\":15},{\"questionId\":31,\"choices\":[{\"id\":93,\"choiceText\":\"<p>1.0</p>\",\"isCorrected\":0},{\"id\":94,\"choiceText\":\"<p>2.0</p>\",\"isCorrected\":0},{\"id\":95,\"choiceText\":\"<p>3.0</p>\",\"isCorrected\":1},{\"id\":96,\"choiceText\":\"<p>4.0</p>\",\"isCorrected\":0}],\"point\":15},{\"questionId\":32,\"choices\":[{\"id\":97,\"choiceText\":\"<p>Run advice after a method execution regardless of its outcome.</p>\",\"isCorrected\":0},{\"id\":98,\"choiceText\":\"<p>Run advice after a class loads.</p>\",\"isCorrected\":0},{\"id\":99,\"choiceText\":\"<p>Run advice after http response is returned.</p>\",\"isCorrected\":1},{\"id\":100,\"choiceText\":\"<p>Run advice after http request is processed.</p>\",\"isCorrected\":0}],\"point\":15},{\"questionId\":92,\"choices\":[{\"id\":105,\"choiceText\":\"<p>SPHelper</p>\",\"isCorrected\":1},{\"id\":106,\"choiceText\":\"<p>JdbcTemplateCall</p>\",\"isCorrected\":0},{\"id\":107,\"choiceText\":\"<p><a href=\\\"javascript:void(0);\\\">JdbcTemplate</a></p>\",\"isCorrected\":0},{\"id\":108,\"choiceText\":\"<p>SimpleJdbcCall</p>\",\"isCorrected\":0}],\"point\":5}]',1,1,1027,'2020-07-14 22:20:31','2020-07-14 22:17:38',35,202,4),(72,NULL,0,0,1200,NULL,NULL,-1,202,11),(73,NULL,0,0,1200,NULL,NULL,-1,202,12),(74,NULL,0,0,1200,NULL,NULL,-1,202,47),(75,NULL,0,0,1200,NULL,NULL,-1,202,49),(76,NULL,0,0,1200,NULL,NULL,-1,202,50),(77,NULL,0,0,1200,NULL,NULL,-1,202,51),(78,NULL,0,0,1200,NULL,NULL,-1,202,52),(79,NULL,0,0,1200,NULL,NULL,-1,202,53),(80,NULL,0,0,1200,NULL,NULL,-1,202,54),(81,NULL,0,0,1200,NULL,NULL,-1,203,55),(82,NULL,0,0,1200,NULL,NULL,-1,203,56),(83,NULL,0,0,1200,NULL,NULL,-1,203,57),(84,NULL,0,0,1200,NULL,NULL,-1,203,58),(85,NULL,0,0,1200,NULL,NULL,-1,203,59),(86,NULL,0,0,1200,NULL,NULL,-1,203,60),(87,NULL,0,0,1200,NULL,NULL,-1,203,61),(88,NULL,0,0,1200,NULL,NULL,-1,203,62),(89,NULL,0,0,1200,NULL,NULL,-1,203,63),(90,NULL,0,0,1200,NULL,NULL,-1,203,64),(91,NULL,0,0,1200,NULL,NULL,-1,203,65),(92,NULL,0,0,1200,NULL,NULL,-1,204,55),(93,NULL,0,0,1200,NULL,NULL,-1,204,56),(94,NULL,0,0,1200,NULL,NULL,-1,204,57),(95,NULL,0,0,1200,NULL,NULL,-1,204,58),(96,NULL,0,0,1200,NULL,NULL,-1,204,59),(97,NULL,0,0,1200,NULL,NULL,-1,204,60),(98,NULL,0,0,1200,NULL,NULL,-1,204,61),(99,NULL,0,0,1200,NULL,NULL,-1,204,62),(100,NULL,0,0,1200,NULL,NULL,-1,204,63),(101,NULL,0,0,1200,NULL,NULL,-1,204,64),(102,NULL,0,0,1200,NULL,NULL,-1,204,65),(103,NULL,0,0,1200,NULL,NULL,-1,205,4),(104,NULL,0,0,1200,NULL,NULL,-1,205,11),(105,NULL,0,0,1200,NULL,NULL,-1,205,12),(106,NULL,0,0,1200,NULL,NULL,-1,205,47),(107,NULL,0,0,1200,NULL,NULL,-1,205,49),(108,NULL,0,0,1200,NULL,NULL,-1,205,50),(109,NULL,0,0,1200,NULL,NULL,-1,205,51),(110,NULL,0,0,1200,NULL,NULL,-1,205,52),(111,NULL,0,0,1200,NULL,NULL,-1,205,53),(112,NULL,0,0,1200,NULL,NULL,-1,205,54),(113,'[{\"questionId\":33,\"choices\":[{\"id\":101,\"choiceText\":\"<p>In Beans configuration file.</p>\",\"isCorrected\":1},{\"id\":102,\"choiceText\":\"<p>Web.xml file</p>\",\"isCorrected\":0},{\"id\":103,\"choiceText\":\"<p>Meta-inf/dispatcher.xml</p>\",\"isCorrected\":0},{\"id\":104,\"choiceText\":\"<p>Web-inf/ dispatcher.xml</p>\",\"isCorrected\":0}],\"point\":5},{\"questionId\":29,\"choices\":[{\"id\":87,\"choiceText\":\"<p>Run advice after http request is processed with no exception.</p>\",\"isCorrected\":1},{\"id\":86,\"choiceText\":\"<p>Run advice after http response is returned only if http response is success.</p>\",\"isCorrected\":0},{\"id\":85,\"choiceText\":\"<p>Run advice after a class loads only if class loads successfully.</p>\",\"isCorrected\":0},{\"id\":88,\"choiceText\":\"<p>Run advice after a method execution only if method completes successfully.</p>\",\"isCorrected\":0}],\"point\":5},{\"questionId\":27,\"choices\":[{\"id\":80,\"choiceText\":\"<p>Add &lt;context:annotation-config/&gt; to bean configuration.</p>\",\"isCorrected\":0},{\"id\":78,\"choiceText\":\"<p>Add &lt;annotation-config /&gt; to bean configuration.</p>\",\"isCorrected\":1},{\"id\":79,\"choiceText\":\"<p>Add &lt;annotation-context-config /&gt; to bean configuration.</p>\",\"isCorrected\":0},{\"id\":77,\"choiceText\":\"<p>Add &lt;annotation-context:config /&gt; to bean configuration.</p>\",\"isCorrected\":0}],\"point\":5},{\"questionId\":25,\"choices\":[{\"id\":72,\"choiceText\":\"<p>All of the above.</p>\",\"isCorrected\":1},{\"id\":71,\"choiceText\":\"<p>Java based configuration.</p>\",\"isCorrected\":0},{\"id\":69,\"choiceText\":\"<p>XML Based configuration file.</p>\",\"isCorrected\":0},{\"id\":70,\"choiceText\":\"<p>Annotation based configuration.</p>\",\"isCorrected\":0}],\"point\":5},{\"questionId\":32,\"choices\":[{\"id\":97,\"choiceText\":\"<p>Run advice after a method execution regardless of its outcome.</p>\",\"isCorrected\":0},{\"id\":98,\"choiceText\":\"<p>Run advice after a class loads.</p>\",\"isCorrected\":1},{\"id\":99,\"choiceText\":\"<p>Run advice after http response is returned.</p>\",\"isCorrected\":0},{\"id\":100,\"choiceText\":\"<p>Run advice after http request is processed.</p>\",\"isCorrected\":0}],\"point\":15},{\"questionId\":24,\"choices\":[{\"id\":68,\"choiceText\":\"<p>It is used to promote tight coupling in code.</p>\",\"isCorrected\":1},{\"id\":67,\"choiceText\":\"<p>It is a technique to get dependencies of any project.</p>\",\"isCorrected\":0},{\"id\":66,\"choiceText\":\"<p>It is one of the spring module.</p>\",\"isCorrected\":0},{\"id\":65,\"choiceText\":\"<p>It is a design pattern which implements Inversion of Control for software applications.</p>\",\"isCorrected\":0}],\"point\":10},{\"questionId\":26,\"choices\":[{\"id\":76,\"choiceText\":\"<p>session</p>\",\"isCorrected\":0},{\"id\":75,\"choiceText\":\"<p>reques</p>\",\"isCorrected\":1},{\"id\":73,\"choiceText\":\"<p>singleton</p>\",\"isCorrected\":0},{\"id\":74,\"choiceText\":\"<p>prototype</p>\",\"isCorrected\":0}],\"point\":5},{\"questionId\":10,\"choices\":[{\"id\":15,\"choiceText\":\"True\",\"isCorrected\":1}],\"point\":10},{\"questionId\":30,\"choices\":[{\"id\":89,\"choiceText\":\"<p>Beans</p>\",\"isCorrected\":0},{\"id\":90,\"choiceText\":\"<p>Aspects</p>\",\"isCorrected\":1},{\"id\":91,\"choiceText\":\"<p>JMS</p>\",\"isCorrected\":0},{\"id\":92,\"choiceText\":\"<p>Context</p>\",\"isCorrected\":0}],\"point\":15},{\"questionId\":92,\"choices\":[{\"id\":105,\"choiceText\":\"<p>SPHelper</p>\",\"isCorrected\":0},{\"id\":106,\"choiceText\":\"<p>JdbcTemplateCall</p>\",\"isCorrected\":0},{\"id\":107,\"choiceText\":\"<p><a href=\\\"javascript:void(0);\\\">JdbcTemplate</a></p>\",\"isCorrected\":1},{\"id\":108,\"choiceText\":\"<p>SimpleJdbcCall</p>\",\"isCorrected\":0}],\"point\":5},{\"questionId\":31,\"choices\":[{\"id\":93,\"choiceText\":\"<p>1.0</p>\",\"isCorrected\":0},{\"id\":94,\"choiceText\":\"<p>2.0</p>\",\"isCorrected\":0},{\"id\":95,\"choiceText\":\"<p>3.0</p>\",\"isCorrected\":1},{\"id\":96,\"choiceText\":\"<p>4.0</p>\",\"isCorrected\":0}],\"point\":15}]',1,1,1132,'2020-07-14 23:44:23','2020-07-14 23:43:15',25,207,4),(114,NULL,0,0,1200,NULL,NULL,-1,207,11),(115,NULL,0,0,1200,NULL,NULL,-1,207,12),(116,NULL,0,0,1200,NULL,NULL,-1,207,47),(117,NULL,0,0,1200,NULL,NULL,-1,207,49),(118,NULL,0,0,1200,NULL,NULL,-1,207,50),(119,NULL,0,0,1200,NULL,NULL,-1,207,51),(120,NULL,0,0,1200,NULL,NULL,-1,207,52),(121,NULL,0,0,1200,NULL,NULL,-1,207,53),(122,NULL,0,0,1200,NULL,NULL,-1,207,54),(123,NULL,0,0,1200,NULL,NULL,-1,209,55),(124,NULL,0,0,1200,NULL,NULL,-1,209,56),(125,NULL,0,0,1200,NULL,NULL,-1,209,57),(126,NULL,0,0,1200,NULL,NULL,-1,209,58),(127,NULL,0,0,1200,NULL,NULL,-1,209,59),(128,NULL,0,0,1200,NULL,NULL,-1,209,60),(129,NULL,0,0,1200,NULL,NULL,-1,209,61),(130,NULL,0,0,1200,NULL,NULL,-1,209,62),(131,NULL,0,0,1200,NULL,NULL,-1,209,63),(132,NULL,0,0,1200,NULL,NULL,-1,209,64),(133,NULL,0,0,1200,NULL,NULL,-1,209,65),(134,'[{\"questionId\":128,\"choices\":[{\"id\":176,\"choiceText\":\"<p>integration-test</p>\",\"isCorrected\":1},{\"id\":177,\"choiceText\":\"<p>verify</p>\",\"isCorrected\":0},{\"id\":178,\"choiceText\":\"<p>install</p>\",\"isCorrected\":0},{\"id\":179,\"choiceText\":\"<p>deploy</p>\",\"isCorrected\":0}],\"point\":15},{\"questionId\":124,\"choices\":[{\"id\":163,\"choiceText\":\"<p>process-resources</p>\",\"isCorrected\":0},{\"id\":164,\"choiceText\":\"<p>pre-integration-test</p>\",\"isCorrected\":1},{\"id\":165,\"choiceText\":\"<p>prepare-package</p>\",\"isCorrected\":0},{\"id\":166,\"choiceText\":\"<p>None of the above.</p>\",\"isCorrected\":0}],\"point\":5},{\"questionId\":126,\"choices\":[{\"id\":171,\"choiceText\":\"True\",\"isCorrected\":1}],\"point\":5},{\"questionId\":131,\"choices\":[{\"id\":188,\"choiceText\":\"<p>compile</p>\",\"isCorrected\":1},{\"id\":189,\"choiceText\":\"<p>provided</p>\",\"isCorrected\":0},{\"id\":190,\"choiceText\":\"<p>runtime</p>\",\"isCorrected\":0},{\"id\":191,\"choiceText\":\"<p>test</p>\",\"isCorrected\":0}],\"point\":5},{\"questionId\":129,\"choices\":[{\"id\":180,\"choiceText\":\"<p>A repository is a place i.e. directory where all the project jars, library jar, plugins or any other project specific artifacts are stored.</p>\",\"isCorrected\":1},{\"id\":181,\"choiceText\":\"<p>Maven repository is used by Maven.</p>\",\"isCorrected\":0},{\"id\":182,\"choiceText\":\"<p>Both of the above.</p>\",\"isCorrected\":0},{\"id\":183,\"choiceText\":\"<p>None of the above.</p>\",\"isCorrected\":0}],\"point\":15},{\"questionId\":130,\"choices\":[{\"id\":184,\"choiceText\":\"<p>Build plugins</p>\",\"isCorrected\":0},{\"id\":185,\"choiceText\":\"<p>Reporting plugins</p>\",\"isCorrected\":1},{\"id\":186,\"choiceText\":\"<p>Both of the above</p>\",\"isCorrected\":0},{\"id\":187,\"choiceText\":\"<p>None of the above.</p>\",\"isCorrected\":0}],\"point\":15},{\"questionId\":122,\"choices\":[{\"id\":155,\"choiceText\":\"<p>The &lt;execution&gt; element contains information\'s required for the execution of a plugin.</p>\",\"isCorrected\":0},{\"id\":156,\"choiceText\":\"<p>The &lt;execution&gt; element contains information\'s required for the execution of a project.</p>\",\"isCorrected\":0},{\"id\":157,\"choiceText\":\"<p><a href=\\\"javascript:void(0);\\\">Both of the above.</a></p>\",\"isCorrected\":1},{\"id\":158,\"choiceText\":\"<p><a href=\\\"javascript:void(0);\\\">None of the above.</a></p>\",\"isCorrected\":0}],\"point\":5},{\"questionId\":132,\"choices\":[{\"id\":192,\"choiceText\":\"<p>The &lt;execution&gt; element contains information\'s required for the execution of a project.</p>\",\"isCorrected\":0},{\"id\":193,\"choiceText\":\"<p>The &lt;execution&gt; element contains information\'s required for the execution of a plugin.</p>\",\"isCorrected\":0},{\"id\":194,\"choiceText\":\"<p>Both of the above.</p>\",\"isCorrected\":0},{\"id\":195,\"choiceText\":\"<p>None of the above.</p>\",\"isCorrected\":1}],\"point\":5},{\"questionId\":133,\"choices\":[{\"id\":196,\"choiceText\":\"True\",\"isCorrected\":1}],\"point\":5},{\"questionId\":134,\"choices\":[{\"id\":197,\"choiceText\":\"<p>process-resources</p>\",\"isCorrected\":0},{\"id\":198,\"choiceText\":\"<p>pre-integration-test</p>\",\"isCorrected\":1},{\"id\":199,\"choiceText\":\"<p>prepare-package</p>\",\"isCorrected\":0},{\"id\":200,\"choiceText\":\"<p>None of the above.</p>\",\"isCorrected\":0}],\"point\":15},{\"questionId\":135,\"choices\":[{\"id\":201,\"choiceText\":\"<p>create jar file.</p>\",\"isCorrected\":0},{\"id\":202,\"choiceText\":\"<p>create war file.</p>\",\"isCorrected\":1},{\"id\":203,\"choiceText\":\"<p>create ear file.</p>\",\"isCorrected\":0},{\"id\":204,\"choiceText\":\"<p>None of the above</p>\",\"isCorrected\":0}],\"point\":5}]',1,1,1152,'2020-07-16 21:10:58','2020-07-16 21:10:10',20,212,4),(135,NULL,0,0,1200,NULL,NULL,-1,212,11),(136,NULL,0,0,1200,NULL,NULL,-1,212,12),(137,NULL,0,0,1200,NULL,NULL,-1,212,47),(138,NULL,0,0,1200,NULL,NULL,-1,212,49),(139,NULL,0,0,1200,NULL,NULL,-1,212,50),(140,NULL,0,0,1200,NULL,NULL,-1,212,51),(141,NULL,0,0,1200,NULL,NULL,-1,212,52),(142,NULL,0,0,1200,NULL,NULL,-1,212,53),(143,NULL,0,0,1200,NULL,NULL,-1,212,54),(144,NULL,0,0,1800,NULL,NULL,-1,213,4),(145,NULL,0,0,1800,NULL,NULL,-1,213,11),(146,NULL,0,0,1800,NULL,NULL,-1,213,12),(147,NULL,0,0,1800,NULL,NULL,-1,213,47),(148,NULL,0,0,1800,NULL,NULL,-1,213,49),(149,NULL,0,0,1800,NULL,NULL,-1,213,50),(150,NULL,0,0,1800,NULL,NULL,-1,213,51),(151,NULL,0,0,1800,NULL,NULL,-1,213,52),(152,NULL,0,0,1800,NULL,NULL,-1,213,53),(153,NULL,0,0,1800,NULL,NULL,-1,213,54),(154,NULL,0,0,1200,NULL,NULL,-1,214,4),(155,NULL,0,0,1200,NULL,NULL,-1,214,11),(156,NULL,0,0,1200,NULL,NULL,-1,214,12),(157,NULL,0,0,1200,NULL,NULL,-1,214,47),(158,NULL,0,0,1200,NULL,NULL,-1,214,49),(159,NULL,0,0,1200,NULL,NULL,-1,214,50),(160,NULL,0,0,1200,NULL,NULL,-1,214,51),(161,NULL,0,0,1200,NULL,NULL,-1,214,52),(162,NULL,0,0,1200,NULL,NULL,-1,214,53),(163,NULL,0,0,1200,NULL,NULL,-1,214,54);
/*!40000 ALTER TABLE `exam_user` ENABLE KEYS */;
UNLOCK TABLES;

--
-- Table structure for table `file_info`
--

DROP TABLE IF EXISTS `file_info`;
/*!40101 SET @saved_cs_client     = @@character_set_client */;
/*!50503 SET character_set_client = utf8mb4 */;
CREATE TABLE `file_info` (
  `id` bigint NOT NULL AUTO_INCREMENT,
  `name` varchar(255) DEFAULT NULL,
  `url` varchar(255) DEFAULT NULL,
  PRIMARY KEY (`id`)
) ENGINE=MyISAM DEFAULT CHARSET=utf8mb4 COLLATE=utf8mb4_0900_ai_ci;
/*!40101 SET character_set_client = @saved_cs_client */;

--
-- Dumping data for table `file_info`
--

LOCK TABLES `file_info` WRITE;
/*!40000 ALTER TABLE `file_info` DISABLE KEYS */;
/*!40000 ALTER TABLE `file_info` ENABLE KEYS */;
UNLOCK TABLES;

--
-- Table structure for table `hibernate_sequence`
--

DROP TABLE IF EXISTS `hibernate_sequence`;
/*!40101 SET @saved_cs_client     = @@character_set_client */;
/*!50503 SET character_set_client = utf8mb4 */;
CREATE TABLE `hibernate_sequence` (
  `next_val` bigint DEFAULT NULL
) ENGINE=MyISAM DEFAULT CHARSET=utf8mb4 COLLATE=utf8mb4_0900_ai_ci;
/*!40101 SET character_set_client = @saved_cs_client */;

--
-- Dumping data for table `hibernate_sequence`
--

LOCK TABLES `hibernate_sequence` WRITE;
/*!40000 ALTER TABLE `hibernate_sequence` DISABLE KEYS */;
INSERT INTO `hibernate_sequence` VALUES (216),(216);
/*!40000 ALTER TABLE `hibernate_sequence` ENABLE KEYS */;
UNLOCK TABLES;

--
-- Table structure for table `intake`
--

DROP TABLE IF EXISTS `intake`;
/*!40101 SET @saved_cs_client     = @@character_set_client */;
/*!50503 SET character_set_client = utf8mb4 */;
CREATE TABLE `intake` (
  `id` bigint NOT NULL AUTO_INCREMENT,
  `intake_code` varchar(255) DEFAULT NULL,
  `name` varchar(255) DEFAULT NULL,
  PRIMARY KEY (`id`)
) ENGINE=MyISAM AUTO_INCREMENT=12 DEFAULT CHARSET=utf8mb4 COLLATE=utf8mb4_0900_ai_ci;
/*!40101 SET character_set_client = @saved_cs_client */;

--
-- Dumping data for table `intake`
--

LOCK TABLES `intake` WRITE;
/*!40000 ALTER TABLE `intake` DISABLE KEYS */;
INSERT INTO `intake` VALUES (1,'ISC01','Intake 01'),(2,'ISC02','Intake 02'),(3,'ISC03','Intake 03'),(4,'ISC04','Intake 04'),(5,'ISC05','Intake 05'),(6,'ISC06','Intake 06'),(7,'ISC07','Intake 07'),(8,'ISC08','Intake 08'),(9,'ISC09','Intake 09'),(10,'ISC010','Intake 010');
/*!40000 ALTER TABLE `intake` ENABLE KEYS */;
UNLOCK TABLES;

--
-- Table structure for table `part`
--

DROP TABLE IF EXISTS `part`;
/*!40101 SET @saved_cs_client     = @@character_set_client */;
/*!50503 SET character_set_client = utf8mb4 */;
CREATE TABLE `part` (
  `id` bigint NOT NULL AUTO_INCREMENT,
  `name` varchar(255) DEFAULT NULL,
  `course_id` bigint DEFAULT NULL,
  PRIMARY KEY (`id`),
  KEY `FKtnwvrwb4t7082shtwnu2llxb8` (`course_id`)
) ENGINE=MyISAM AUTO_INCREMENT=120 DEFAULT CHARSET=utf8mb4 COLLATE=utf8mb4_0900_ai_ci;
/*!40101 SET character_set_client = @saved_cs_client */;

--
-- Dumping data for table `part`
--

LOCK TABLES `part` WRITE;
/*!40000 ALTER TABLE `part` DISABLE KEYS */;
INSERT INTO `part` VALUES (1,'Application Basics',16),(8,'Application Design Essentials',16),(9,'Application Development Essentials',16),(10,'Threading and Asynchronous Processing',17),(11,'Android Services',17),(12,'Android Content Providers',17),(13,'Broadcasting and Receiving Intents',17),(14,'Notifications',17),(15,'Advanced Android User Interface Design',17),(16,'Web Services, Location & Google Map',17),(17,'Common Android APIs',17),(18,'SCRUM process',3),(19,'Work Breakdown Structure & Estimation & Priority setting',3),(20,'GIT process',3),(21,'Meeting report (Daily SCRUM meeting, Sprint meeting)',3),(22,'Tools: Assembla, BitBucket, Redmine',3),(23,'Identify characteristics of employees who are qualified for employment, promotion, and retention in the workforce',4),(24,'Explain critical thinking strategies within the context of leadership',4),(25,'Apply business communication skills',4),(26,'Utilize data and information to make decisions',4),(27,'Identify roles and strategies used in group processes and team building',4),(28,'Have a positive attitude',4),(29,'Evaluate your understanding on a product',4),(30,'Listen and maintain communication',4),(31,'Pronunciation',5),(32,'Presentation',5),(33,'Memos',6),(34,'Emails',6),(35,'Reports',6),(36,'Introduction and Terminology',7),(37,'Test-case, Test plan, Test report',7),(38,'Manual test vs Automation test',7),(39,'Test Environment',7),(40,'Relational Database',8),(41,'Normalization',8),(42,'Structured Query Language',8),(43,'Entity-Relationship Model',8),(44,'Database Design (Physical Diagram)',8),(45,'Database implementation (DDL, DML, Stored procedure, Function)',8),(46,'Bootstrap CSS Components',9),(47,'Bootstrap Javascript Components',9),(48,'Bootstrap and JQuery',9),(49,'Web Tools',9),(50,'Front-End Javascript Frameworks: AngularJS',9),(51,'Task Runners, Angular Scope, Forms and Form Validation',9),(52,'Single Page Applications',9),(53,'Client-Server Communication and Angular Testing',9),(54,'The Basics, Operators, Strings and Characters',18),(55,'Collection Types',18),(56,'Control Flow',18),(57,'Functions, Closures',18),(58,'Enumerations',18),(59,'Classes and Structures',18),(60,'Properties, Methods, Subscripts, Inheritance, Initialization and Deinitialization',18),(61,'Optional Chaining',18),(62,'Error Handling',18),(63,'Type Casting',18),(64,'Nested Types',18),(65,'Extensions, Protocols, Generics and Access Control',18),(66,'UIKit and the Interface Builder + Advanced UI Concepts',19),(67,'User Interactivity',19),(68,'Multiple View Controllers & Navigation',19),(69,'Persistence & Networking',19),(70,'Introduction to Developing for watchOS',19),(71,'Introduction to Developing for tvOS',19),(72,'Maven/Gradle',12),(73,'Spring Framework',12),(74,'Hibernate/JPA',12),(75,'Unit Test',12),(76,'Introduction to Node​',13),(77,'Essential Node APIs​',13),(78,'Web Development​',13),(79,'Databases',13),(80,'NET MVC Framework​',10),(81,'Implementing an Exception Handling Strategy​',10),(82,'Implementing Authentication and Authorization​',10),(83,'Assigning Roles and Membership',10),(84,'Developing a Web API',10),(85,'Calling a Web API from Mobile and Web Applications',10),(86,'Using HTTP Modules and HTTP Handlers',10),(87,'Using Web Sockets',10),(88,'.NET Entity Framework',10),(89,'Unit Test',10),(90,'Deploying a Web Application',10),(91,'PHP Fundamentals',14),(92,'PHP Framework: Symfony, Laravel​',14),(93,'CMS (Wordpress, Joomla)',14),(94,'Unit Test',14),(95,'Deployment',14),(96,'Rails Programming Environment',15),(97,'Routing',15),(98,'Views and Controllers',15),(99,'Models and Database Design',15),(100,'Test-First Development Using RSpec and Capybara',15),(101,'Forms',15),(102,'Deployment',15),(103,'Access Control',20),(104,'Virtual Private Database',20),(105,'Cryptography on Database',20),(106,'SQL Injection',20),(107,'Auditing',20),(108,'Security issues in Outsourced Databases',20),(109,'RTTS Framework',21),(110,'Target Object Identification',21),(111,'Data Capture and Validation',21),(112,'Logging Options',21),(113,'Regular Expressions',21),(114,'Data Driven Tests',21),(115,'Working with Databases',21),(116,'Multi-Browser Testing',21),(117,'Selenium Grid',18),(119,'test',3);
/*!40000 ALTER TABLE `part` ENABLE KEYS */;
UNLOCK TABLES;

--
-- Table structure for table `password_reset_tokens`
--

DROP TABLE IF EXISTS `password_reset_tokens`;
/*!40101 SET @saved_cs_client     = @@character_set_client */;
/*!50503 SET character_set_client = utf8mb4 */;
CREATE TABLE `password_reset_tokens` (
  `id` bigint NOT NULL AUTO_INCREMENT,
  `token` varchar(255) DEFAULT NULL,
  `user_id` bigint DEFAULT NULL,
  PRIMARY KEY (`id`),
  KEY `FKk3ndxg5xp6v7wd4gjyusp15gq` (`user_id`)
) ENGINE=MyISAM AUTO_INCREMENT=11 DEFAULT CHARSET=utf8mb4 COLLATE=utf8mb4_0900_ai_ci;
/*!40101 SET character_set_client = @saved_cs_client */;

--
-- Dumping data for table `password_reset_tokens`
--

LOCK TABLES `password_reset_tokens` WRITE;
/*!40000 ALTER TABLE `password_reset_tokens` DISABLE KEYS */;
INSERT INTO `password_reset_tokens` VALUES (1,'eyJhbGciOiJIUzUxMiJ9.eyJzdWIiOiIzIiwiZXhwIjoxNTk0NzY3Mzk3fQ.XdtBclODUdk6MxEk8McE35n84ELaWzCiaD46BSifpDxcJeAZ3QStvXzaMp-VAcUTFJGOBIcBp6InaEx1UGrVhQ',3),(2,'eyJhbGciOiJIUzUxMiJ9.eyJzdWIiOiIzIiwiZXhwIjoxNTk0NzY3NzMzfQ.2oMnqnzoxZbpv6Zf59BH0xsMkaZjmsr3MNsxFGGUna3ZZ0NlWOgxXcjw3y5qpn6jdahZXX_D2ejzsnEl1AX9mQ',3),(3,'eyJhbGciOiJIUzUxMiJ9.eyJzdWIiOiI1NyIsImV4cCI6MTU5NDc3NTkyN30.Li6c2eTJ0Fbf61R8XD1mhfWxfchkD8t40T4MUJBWDIydb4nUjH90vHS-0zaNgSAAOE20e-qmDw_IFIQ-eGnAUQ',57),(4,'eyJhbGciOiJIUzUxMiJ9.eyJzdWIiOiI1NyIsImV4cCI6MTU5NDc3NjI5Mn0.Z_1tnidyIcbnGN332mUIsVseL10ZKaLLLqe4vR9gm7X0zRG3j5TlyhAeRwae190_2ZtRfbMEO6V0DSNSAaWjIg',57),(5,'eyJhbGciOiJIUzUxMiJ9.eyJzdWIiOiIzIiwiZXhwIjoxNTk0Nzc4Njk3fQ.BmA6GI9ymB5n5aILQE1Nty57wKRnx_t31Wnlk8MDxYeMsu-SEn2bU0dSytkjboeLXTPQlak8jcKsUkDL56rYXA',3),(6,'eyJhbGciOiJIUzUxMiJ9.eyJzdWIiOiIzIiwiZXhwIjoxNTk0Nzc4ODg2fQ.t4oBZ2u5lfby7lU7-Mnd98E1ueyHGwWJM7QMuzncYuRchnYPRj_I3wdez9-RZ44Xszn1l6Asgi5ri01rzF6_Yg',3),(8,'eyJhbGciOiJIUzUxMiJ9.eyJzdWIiOiIzIiwiZXhwIjoxNTk0ODI1OTY5fQ.GvnEBNGfgWZC14QrDWzc5hw_p_JL02Wdt3ppanuhtVU2tYvTFS4mpZV0v46xSDTgHg9DPIuPXsex0KVFVXxxYg',3);
/*!40000 ALTER TABLE `password_reset_tokens` ENABLE KEYS */;
UNLOCK TABLES;

--
-- Table structure for table `profile`
--

DROP TABLE IF EXISTS `profile`;
/*!40101 SET @saved_cs_client     = @@character_set_client */;
/*!50503 SET character_set_client = utf8mb4 */;
CREATE TABLE `profile` (
  `id` bigint NOT NULL AUTO_INCREMENT,
  `first_name` varchar(255) DEFAULT NULL,
  `last_name` varchar(255) DEFAULT NULL,
  `image` varchar(255) DEFAULT NULL,
  PRIMARY KEY (`id`)
) ENGINE=MyISAM AUTO_INCREMENT=374 DEFAULT CHARSET=utf8mb4 COLLATE=utf8mb4_0900_ai_ci;
/*!40101 SET character_set_client = @saved_cs_client */;

--
-- Dumping data for table `profile`
--

LOCK TABLES `profile` WRITE;
/*!40000 ALTER TABLE `profile` DISABLE KEYS */;
INSERT INTO `profile` VALUES (1,'Tâm','Huỳnh Thanh',NULL),(8,'Bảo','Võ Quốc',NULL),(228,'Lợi','Nguyễn Tấn',NULL),(66,'Quỳnh','Lê Thị Như',NULL),(65,'Quý','Nguyễn Ngọc',NULL),(64,'Phương','Nguyễn Hoài',NULL),(63,'Phúc','Hoàng',NULL),(62,'Nhựt','Nguyễn Minh',NULL),(61,'Nhựt','Hồ Minh',NULL),(60,'Ngọc','Trần Thị Bích',NULL),(59,'Nga','Trịnh Thị Thúy',NULL),(58,'Nam','Lê Văn',NULL),(57,'My','Nguyễn Thị Trà',NULL),(56,'Lộc','Triệu Phước',NULL),(55,'Khanh','Huynh Duy',NULL),(54,'Hiếu','Phạm Trung',NULL),(53,'Hiệp','Nguyễn Văn',NULL),(52,'Hậu','Trần Công',NULL),(51,'Giàu','Trần Văn',NULL),(50,'Dương','Châu Đại',NULL),(49,'Dung','Nguyễn Thị Thùy','https://s3-ap-southeast-1.amazonaws.com/isc-quiz/1594261373801_1624801040005_avatar.png'),(48,'Đức','Trần Phước',NULL),(47,'Đạt','Nguyễn Bá',NULL),(46,'Cường','Ngô Bá',NULL),(45,'Hiếu','Lại Văn',NULL),(201,'Tâm','Huỳnh Than',NULL),(43,'Minh','Nguyễn Ngọc',NULL),(67,'Sang','Lê Minh',NULL),(68,'Sang','Nguyễn Châu',NULL),(69,'Tài','Nguyễn Hữu',NULL),(70,'Tân','Trần Văn',NULL),(71,'Thành','Đoàn Trung',NULL),(72,'Thành','Nguyễn Tấn',NULL),(73,'Thành','Trịnh Trọng',NULL),(74,'Trung','Nguyễn Quốc',NULL),(75,'Tuấn','Lê Anh',NULL),(76,'Vinh','Hồ Nguyễn Quốc',NULL),(77,'Duy','Nguyễn',NULL),(78,'Huy','Ngô Gia',NULL),(79,'Nam','Hoàng Duy',NULL),(80,'Thuận','Huỳnh Văn',NULL),(81,'Tuyên','Ngô Hà',NULL),(82,'Hồng','Phạm Văn',NULL),(83,'Hào','Nguyễn Phong',NULL),(84,'Trực','Phạm Đình Chánh',NULL),(85,'Hưng','Hồ Quang',NULL),(86,'Thành','Huỳnh Phú',NULL),(87,'Sự','Nguyễn Văn',NULL),(88,'Khang','Lê Tiến',NULL),(89,'Sang','Phạm Anh',NULL),(90,'Hoàng','Châu Thanh',NULL),(91,'Thái','Lê Nam Hoàng',NULL),(92,'Quý','Nguyễn Phú',NULL),(93,'Minh','Phạm Hoàng',NULL),(94,'Trường','Phạm Văn',NULL),(95,'Hà','Trần Thị Thu',NULL),(96,'Linh','Tống Duy',NULL),(97,'Huy','Lâm Quang',NULL),(98,'Nguyên','Phạm Tấn',NULL),(99,'Huy','Nguyễn Hùng',NULL),(100,'Duy','Phan Ngọc',NULL),(101,'Quyền','Lâm Châu',NULL),(102,'Huy','Nguyễn Huỳnh Quốc',NULL),(103,'An','Lê Văn',NULL),(104,'Sang','Trần Hoàng',NULL),(105,'Huy','Trần Hoàn',NULL),(106,'Tâm','Nguyễn Minh',NULL),(107,'Minh','Nguyễn Quang',NULL),(108,'Tiến','Lâm Nhật',NULL),(109,'Thùy','Phạm Thị Phương',NULL),(110,'Thịnh','Lê Hoàng',NULL),(111,'Nam','Nguyễn Văn',NULL),(112,'Long','Nguyễn Hoàng',NULL),(113,'Sơn','Nguyễn Vũ Hoàng',NULL),(114,'Đạt','Lê Lưu Quốc',NULL),(115,'Dũng','Phùng Quốc',NULL),(116,'Thi','Nguyễn Văn',NULL),(117,'Khôi','Huỳnh Anh',NULL),(118,'Đức','Võ Minh',NULL),(119,'Hậu','Nguyễn Phước',NULL),(120,'Hiếu','Nguyễn Đức',NULL),(121,'Khanh','Dương Vũ',NULL),(122,'Lan','Trần Thị Mỹ',NULL),(123,'Nam','Nguyễn Hoàng',NULL),(124,'Như','Trần Khánh',NULL),(125,'Quang','Trần',NULL),(126,'Trân','Phạm Thị Bảo',NULL),(127,'Ban','Triệu Văn',NULL),(128,'Thanh','Nguyễn Thái',NULL),(129,'Phúc','Đinh Xuân',NULL),(130,'Linh','Tất Bội Cẩm',NULL),(131,'Phúc','Nguyễn Hữu',NULL),(132,'Keoudone','Phimphasing',NULL),(133,'Bounpaseut','Boutsaodone',NULL),(134,'Pupay','Inthisane',NULL),(135,'Duy','Nguyễn',NULL),(136,'Huy','Ngô Gia',NULL),(137,'Nam','Hoàng Duy',NULL),(138,'Thuận','Huỳnh Văn',NULL),(139,'Tuyên','Ngô Hà',NULL),(140,'Hồng','Phạm Văn',NULL),(141,'Hào','Nguyễn Phong',NULL),(142,'Trực','Phạm Đình Chánh',NULL),(143,'Hưng','Hồ Quang',NULL),(144,'Thành','Huỳnh Phú',NULL),(145,'Sự','Nguyễn Văn',NULL),(146,'Khang','Lê Tiến',NULL),(147,'Sang','Phạm Anh',NULL),(148,'Hoàng','Châu Thanh',NULL),(149,'Thái','Lê Nam Hoàng',NULL),(150,'Quý','Nguyễn Phú',NULL),(151,'Minh','Phạm Hoàng',NULL),(152,'Trường','Phạm Văn',NULL),(153,'Hà','Trần Thị Thu',NULL),(154,'Linh','Tống Duy',NULL),(155,'Huy','Lâm Quang',NULL),(156,'Nguyên','Phạm Tấn',NULL),(157,'Huy','Nguyễn Hùng',NULL),(158,'Duy','Phan Ngọc',NULL),(159,'Quyền','Lâm Châu',NULL),(160,'Huy','Nguyễn Huỳnh Quốc',NULL),(161,'An','Lê Văn',NULL),(162,'Sang','Trần Hoàng',NULL),(163,'Huy','Trần Hoàn',NULL),(164,'Tâm','Nguyễn Minh',NULL),(165,'Minh','Nguyễn Quang',NULL),(166,'Tiến','Lâm Nhật',NULL),(167,'Thùy','Phạm Thị Phương',NULL),(168,'Thịnh','Lê Hoàng',NULL),(169,'Nam','Nguyễn Văn',NULL),(170,'Long','Nguyễn Hoàng',NULL),(171,'Sơn','Nguyễn Vũ Hoàng',NULL),(172,'Đạt','Lê Lưu Quốc',NULL),(173,'Dũng','Phùng Quốc',NULL),(174,'Thi','Nguyễn Văn',NULL),(175,'Khôi','Huỳnh Anh',NULL),(176,'Đức','Võ Minh',NULL),(177,'Hậu','Nguyễn Phước',NULL),(178,'Hiếu','Nguyễn Đức',NULL),(179,'Khanh','Dương Vũ',NULL),(180,'Lan','Trần Thị Mỹ',NULL),(181,'Nam','Nguyễn Hoàng',NULL),(182,'Như','Trần Khánh',NULL),(183,'Quang','Trần',NULL),(184,'Trân','Phạm Thị Bảo',NULL),(185,'Ban','Triệu Văn',NULL),(186,'Thanh','Nguyễn Thái',NULL),(187,'Phúc','Đinh Xuân',NULL),(188,'Linh','Tất Bội Cẩm',NULL),(189,'Phúc','Nguyễn Hữu',NULL),(190,'Keoudone','Phimphasing',NULL),(191,'Bounpaseut','Boutsaodone',NULL),(192,'Pupay','Inthisane',NULL),(193,'Duy','Nguyễn',NULL),(194,'User1','Temp',NULL),(195,'User2','Temp',NULL),(196,'User3','Temp',NULL),(197,'User4','Temp',NULL),(200,'Tâm','Huỳnh Thanh',NULL),(202,'Tâm','Huỳnh Thanh',NULL),(203,'Tâm','Huỳnh Thanh',NULL),(204,'Tâm','Huỳnh Thanh',NULL),(205,'Tâm','Huỳnh Than',NULL),(206,'Tâm','Huỳnh Thanh',NULL),(207,'Tâm','Huỳnh Thanh',NULL),(208,'User1','Temp1',NULL),(209,'Tâm','Huỳnh Than',NULL),(210,'Tâm','Huỳnh Thanh',NULL),(211,'Tâm','Huỳnh Thanh',NULL),(212,'Tâm','Huỳnh Thanh',NULL),(213,'Khanh','Huynh Duy',NULL),(214,'Hưng','Phạm Hoài',NULL),(215,'Tâm','Huỳnh Thanh',NULL),(216,'Đạt','Nguyễn Bá',NULL),(217,'Thuận','Huỳnh Văn',NULL),(224,'1','Giảng viên',NULL),(223,'Hưng','Phạm Hoài',NULL),(222,'trị viên','Quản',NULL),(221,'Minh','Nguyễn Ngọc',NULL),(227,'Tâm','Huỳnh Thanh',NULL),(229,'HUỲNH HOÀI ','isc09-01@gmail.com',NULL),(230,'NAM','HUỲNH HOÀI ',NULL),(231,'DANH','TRẦN VINH ',NULL),(232,'MINH','TRƯƠNG ĐÌNH ',NULL),(233,'SƠN','HOÀNG ',NULL),(234,'THẮNG','LÝ XUÂN ',NULL),(235,'OANH','PHAN THỊ KIM ',NULL),(236,'PHƯỚC','NGUYỄN HỮU ',NULL),(237,'TRỰC','NGÔ HUỲNH ANH ',NULL),(238,'HOÀNG','NGUYỄN XUÂN ',NULL),(239,'SƠN','NGUYỄN HOÀNG ',NULL),(240,'LINH','TỐNG KHÁNH ',NULL),(241,'NAM','HUỲNH HOÀI ',NULL),(242,'DANH','TRẦN VINH ',NULL),(243,'MINH','TRƯƠNG ĐÌNH ',NULL),(244,'SƠN','HOÀNG ',NULL),(245,'THẮNG','LÝ XUÂN ',NULL),(246,'OANH','PHAN THỊ KIM ',NULL),(247,'PHƯỚC','NGUYỄN HỮU ',NULL),(248,'TRỰC','NGÔ HUỲNH ANH ',NULL),(249,'HOÀNG','NGUYỄN XUÂN ',NULL),(250,'SƠN','NGUYỄN HOÀNG ',NULL),(251,'LINH','TỐNG KHÁNH ',NULL),(252,'NAM','HUỲNH HOÀI ',NULL),(253,'DANH','TRẦN VINH ',NULL),(254,'MINH','TRƯƠNG ĐÌNH ',NULL),(255,'SƠN','HOÀNG ',NULL),(256,'THẮNG','LÝ XUÂN ',NULL),(257,'OANH','PHAN THỊ KIM ',NULL),(258,'PHƯỚC','NGUYỄN HỮU ',NULL),(259,'TRỰC','NGÔ HUỲNH ANH ',NULL),(260,'HOÀNG','NGUYỄN XUÂN ',NULL),(261,'SƠN','NGUYỄN HOÀNG ',NULL),(262,'LINH','TỐNG KHÁNH ',NULL),(263,'NAM','HUỲNH HOÀI ',NULL),(264,'DANH','TRẦN VINH ',NULL),(265,'MINH','TRƯƠNG ĐÌNH ',NULL),(266,'SƠN','HOÀNG ',NULL),(267,'THẮNG','LÝ XUÂN ',NULL),(268,'OANH','PHAN THỊ KIM ',NULL),(269,'PHƯỚC','NGUYỄN HỮU ',NULL),(270,'TRỰC','NGÔ HUỲNH ANH ',NULL),(271,'HOÀNG','NGUYỄN XUÂN ',NULL),(272,'SƠN','NGUYỄN HOÀNG ',NULL),(273,'LINH','TỐNG KHÁNH ',NULL),(274,'NAM','HUỲNH HOÀI ',NULL),(275,'DANH','TRẦN VINH ',NULL),(276,'MINH','TRƯƠNG ĐÌNH ',NULL),(277,'SƠN','HOÀNG ',NULL),(278,'THẮNG','LÝ XUÂN ',NULL),(279,'OANH','PHAN THỊ KIM ',NULL),(280,'PHƯỚC','NGUYỄN HỮU ',NULL),(281,'TRỰC','NGÔ HUỲNH ANH ',NULL),(282,'HOÀNG','NGUYỄN XUÂN ',NULL),(283,'SƠN','NGUYỄN HOÀNG ',NULL),(284,'LINH','TỐNG KHÁNH ',NULL),(285,'NAM','HUỲNH HOÀI ',NULL),(286,'DANH','TRẦN VINH ',NULL),(287,'MINH','TRƯƠNG ĐÌNH ',NULL),(288,'SƠN','HOÀNG ',NULL),(289,'THẮNG','LÝ XUÂN ',NULL),(290,'OANH','PHAN THỊ KIM ',NULL),(291,'PHƯỚC','NGUYỄN HỮU ',NULL),(292,'TRỰC','NGÔ HUỲNH ANH ',NULL),(293,'HOÀNG','NGUYỄN XUÂN ',NULL),(294,'SƠN','NGUYỄN HOÀNG ',NULL),(295,'LINH','TỐNG KHÁNH ',NULL),(296,'Tâm','Huỳnh Thanh',NULL),(297,'NAM','HUỲNH HOÀI ',NULL),(298,'DANH','TRẦN VINH ',NULL),(299,'MINH','TRƯƠNG ĐÌNH ',NULL),(300,'SƠN','HOÀNG ',NULL),(301,'THẮNG','LÝ XUÂN ',NULL),(302,'OANH','PHAN THỊ KIM ',NULL),(303,'PHƯỚC','NGUYỄN HỮU ',NULL),(304,'TRỰC','NGÔ HUỲNH ANH ',NULL),(305,'HOÀNG','NGUYỄN XUÂN ',NULL),(306,'SƠN','NGUYỄN HOÀNG ',NULL),(307,'LINH','TỐNG KHÁNH ',NULL),(308,'NAM','HUỲNH HOÀI ',NULL),(309,'DANH','TRẦN VINH ',NULL),(310,'MINH','TRƯƠNG ĐÌNH ',NULL),(311,'SƠN','HOÀNG ',NULL),(312,'THẮNG','LÝ XUÂN ',NULL),(313,'OANH','PHAN THỊ KIM ',NULL),(314,'PHƯỚC','NGUYỄN HỮU ',NULL),(315,'TRỰC','NGÔ HUỲNH ANH ',NULL),(316,'HOÀNG','NGUYỄN XUÂN ',NULL),(317,'SƠN','NGUYỄN HOÀNG ',NULL),(318,'LINH','TỐNG KHÁNH ',NULL),(319,'NAM','HUỲNH HOÀI ',NULL),(320,'DANH','TRẦN VINH ',NULL),(321,'MINH','TRƯƠNG ĐÌNH ',NULL),(322,'SƠN','HOÀNG ',NULL),(323,'THẮNG','LÝ XUÂN ',NULL),(324,'OANH','PHAN THỊ KIM ',NULL),(325,'PHƯỚC','NGUYỄN HỮU ',NULL),(326,'TRỰC','NGÔ HUỲNH ANH ',NULL),(327,'HOÀNG','NGUYỄN XUÂN ',NULL),(328,'SƠN','NGUYỄN HOÀNG ',NULL),(329,'LINH','TỐNG KHÁNH ',NULL),(330,'NAM','HUỲNH HOÀI ',NULL),(331,'DANH','TRẦN VINH ',NULL),(332,'MINH','TRƯƠNG ĐÌNH ',NULL),(333,'SƠN','HOÀNG ',NULL),(334,'THẮNG','LÝ XUÂN ',NULL),(335,'OANH','PHAN THỊ KIM ',NULL),(336,'PHƯỚC','NGUYỄN HỮU ',NULL),(337,'TRỰC','NGÔ HUỲNH ANH ',NULL),(338,'HOÀNG','NGUYỄN XUÂN ',NULL),(339,'SƠN','NGUYỄN HOÀNG ',NULL),(340,'LINH','TỐNG KHÁNH ',NULL),(341,'NAM','HUỲNH HOÀI ',NULL),(342,'DANH','TRẦN VINH ',NULL),(343,'MINH','TRƯƠNG ĐÌNH ',NULL),(344,'SƠN','HOÀNG ',NULL),(345,'THẮNG','LÝ XUÂN ',NULL),(346,'OANH','PHAN THỊ KIM ',NULL),(347,'PHƯỚC','NGUYỄN HỮU ',NULL),(348,'TRỰC','NGÔ HUỲNH ANH ',NULL),(349,'HOÀNG','NGUYỄN XUÂN ',NULL),(350,'SƠN','NGUYỄN HOÀNG ',NULL),(351,'LINH','TỐNG KHÁNH ',NULL),(352,'NAM','HUỲNH HOÀI ',NULL),(353,'DANH','TRẦN VINH ',NULL),(354,'MINH','TRƯƠNG ĐÌNH ',NULL),(355,'SƠN','HOÀNG ',NULL),(356,'THẮNG','LÝ XUÂN ',NULL),(357,'OANH','PHAN THỊ KIM ',NULL),(358,'PHƯỚC','NGUYỄN HỮU ',NULL),(359,'TRỰC','NGÔ HUỲNH ANH ',NULL),(360,'HOÀNG','NGUYỄN XUÂN ',NULL),(361,'SƠN','NGUYỄN HOÀNG ',NULL),(362,'LINH','TỐNG KHÁNH ',NULL),(363,'NAM','HUỲNH HOÀI ',NULL),(364,'DANH','TRẦN VINH ',NULL),(365,'MINH','TRƯƠNG ĐÌNH ',NULL),(366,'SƠN','HOÀNG ',NULL),(367,'THẮNG','LÝ XUÂN ',NULL),(368,'OANH','PHAN THỊ KIM ',NULL),(369,'PHƯỚC','NGUYỄN HỮU ',NULL),(370,'TRỰC','NGÔ HUỲNH ANH ',NULL),(371,'HOÀNG','NGUYỄN XUÂN ',NULL),(372,'SƠN','NGUYỄN HOÀNG ',NULL),(373,'LINH','TỐNG KHÁNH ',NULL);
/*!40000 ALTER TABLE `profile` ENABLE KEYS */;
UNLOCK TABLES;

--
-- Table structure for table `question`
--

DROP TABLE IF EXISTS `question`;
/*!40101 SET @saved_cs_client     = @@character_set_client */;
/*!50503 SET character_set_client = utf8mb4 */;
CREATE TABLE `question` (
  `id` bigint NOT NULL,
  `created_date` datetime DEFAULT NULL,
  `last_modified_date` datetime DEFAULT NULL,
  `question_text` text,
  `created_by_id` bigint DEFAULT NULL,
  `last_modified_by_id` bigint DEFAULT NULL,
  `question_type_id` bigint DEFAULT NULL,
  `difficulty_level` int DEFAULT NULL,
  `part_id` bigint DEFAULT NULL,
  `point` int DEFAULT NULL,
  `deleted` bit(1) DEFAULT NULL,
  PRIMARY KEY (`id`),
  KEY `FKg2l13mx3l3600hci5cxlgm4r8` (`created_by_id`),
  KEY `FKkoa1htu17jtq679exs0s7ekvu` (`last_modified_by_id`),
  KEY `FKhhgpexaoh3njc4r07qhnal3wm` (`part_id`),
  KEY `FK7svspov4rexjawqdvi2jni81u` (`question_type_id`)
) ENGINE=MyISAM DEFAULT CHARSET=utf8mb4 COLLATE=utf8mb4_0900_ai_ci;
/*!40101 SET character_set_client = @saved_cs_client */;

--
-- Dumping data for table `question`
--

LOCK TABLES `question` WRITE;
/*!40000 ALTER TABLE `question` DISABLE KEYS */;
INSERT INTO `question` VALUES (8,'2020-06-10 18:07:33','2020-07-14 22:44:43','How to kill an activity in Android?',1,1,2,1,8,10,_binary '\0'),(9,'2020-06-11 15:33:52','2020-06-11 15:33:52','How to move services to foreground in android?',1,1,2,1,8,10,_binary '\0'),(10,'2020-06-17 08:21:02','2020-07-13 22:22:36','<p><strong>int x[] = new int[]{10,20,30};</strong><br><br>Arrays can also be created and initialize as in above statement.</p>',1,1,1,1,73,10,_binary '\0'),(27,'2020-06-17 15:15:18','2020-06-17 15:15:18','<p><strong>How do you turn on annotation wiring?</strong></p>',1,1,2,0,73,5,_binary '\0'),(26,'2020-06-17 15:14:33','2020-06-17 15:14:33','<p><strong>What is default scope of bean in Spring framework?</strong></p>',1,1,2,0,73,5,_binary '\0'),(25,'2020-06-17 15:12:51','2020-07-13 22:22:38','<p><strong>Which is the way to provide configuration metadata to spring?</strong></p>',1,1,2,0,73,5,_binary '\0'),(24,'2020-06-17 14:59:30','2020-06-17 14:59:30','<p>What is Dependency Injection?</p>',1,1,2,1,73,10,_binary '\0'),(28,'2020-06-17 15:18:21','2020-06-17 15:18:21','<p><strong>What is aspect?</strong></p>',1,1,2,0,73,5,_binary '\0'),(29,'2020-06-17 15:26:59','2020-06-17 15:26:59','<p><strong>How after-returning advice works?</strong></p>',1,1,2,0,73,5,_binary '\0'),(30,'2020-06-17 15:33:19','2020-06-17 15:33:19','<p><strong>Which of the following is part of Data Access layer in Spring framework?</strong></p>',1,1,2,2,73,15,_binary '\0'),(31,'2020-06-17 15:34:56','2020-06-17 15:34:56','<p><strong>Thread scoped bean is introduced in which version of spring framework.</strong></p>',1,1,2,2,73,15,_binary '\0'),(32,'2020-06-17 15:36:47','2020-06-17 15:36:47','<p><strong>How after advice works?</strong></p>',1,1,2,2,73,15,_binary '\0'),(33,'2020-06-17 16:11:33','2020-06-17 16:11:33','<p><strong>Where do you define DispatcherServlet?</strong></p>',1,1,2,0,73,5,_binary '\0'),(92,'2020-06-29 07:41:33','2020-06-29 07:41:33','<p><strong>Which of the following class can be used to call Stored Procedures in spring?</strong></p>',1,1,2,0,73,5,_binary '\0'),(93,'2020-06-29 20:05:11','2020-06-29 20:05:11','<p><strong>Which of the following is not an ORM framework?</strong></p>',1,1,2,1,74,10,_binary '\0'),(94,'2020-06-29 20:07:43','2020-06-29 20:07:43','<p><strong>Which of the following is true about Session object in hibernate?</strong></p>',1,1,3,1,74,10,_binary '\0'),(95,'2020-06-29 20:08:50','2020-06-29 20:08:50','<p><strong>Session.createSQLQuery creates a new instance of Query for the given SQL query string.</strong></p>',1,1,1,1,74,10,_binary '\0'),(96,'2020-06-29 20:09:44','2020-06-29 20:09:44','<p><strong>Which method is used to get a persistent instance from the datastore?</strong></p>',1,1,2,1,74,10,_binary '\0'),(97,'2020-06-29 20:11:48','2020-06-29 20:11:48','<p><strong>Which of the following element maps java.util.List property in hibernate?</strong></p>',1,1,2,1,74,10,_binary '\0'),(98,'2020-06-29 20:12:45','2020-06-29 20:12:45','<p><strong>Which of the following element is used to represent one-to-one relationship in hibernate?</strong></p>',1,1,2,1,74,10,_binary '\0'),(99,'2020-06-29 20:13:49','2020-06-29 20:13:49','<p><strong>Is first level caching mandatory in hibernate?</strong></p>',1,1,1,1,74,10,_binary '\0'),(100,'2020-06-29 20:14:54','2020-06-29 20:14:54','<p><strong>When a Nonstrict-read-write concurrency strategy is to be used?</strong></p>',1,1,2,1,74,10,_binary '\0'),(101,'2020-06-29 20:15:12','2020-06-29 20:15:12','<p><strong>Persistent objects are saved and retrieved through a Session object.</strong></p>',1,1,1,1,74,10,_binary '\0'),(102,'2020-06-29 20:15:55','2020-06-29 20:15:55','<p><strong>nullable attribute of @Column annotation permits the column to be marked NOT NULL when the schema is generated.</strong></p>',1,1,1,1,74,10,_binary '\0'),(117,'2020-07-09 16:56:10','2020-07-09 16:56:10','<p><strong>What of the following is true about POM?</strong></p>',1,1,3,0,72,5,_binary '\0'),(118,'2020-07-09 16:57:05','2020-07-09 16:57:05','<p><strong>Which of the following is true about maven artifact?</strong></p>',1,1,3,0,72,5,_binary '\0'),(119,'2020-07-09 17:11:27','2020-07-09 17:11:27','<p><strong>Which of the following phase in maven life cycle installs the package into the local repository, for use as a dependency in other projects locally?</strong></p>',1,1,2,0,72,5,_binary '\0'),(120,'2020-07-09 17:21:54','2020-07-09 17:21:54','<p><strong>Which of the following is true about Maven repository?</strong></p>',1,1,3,1,72,10,_binary '\0'),(121,'2020-07-09 17:28:43','2020-07-09 17:28:43','<p><strong>Which of the following maven plugin executes during the build and should be configured in the element of pom.xml?</strong></p>',1,1,2,2,72,15,_binary '\0'),(122,'2020-07-09 17:33:50','2020-07-09 17:33:50','<p><strong>What is the use of execution element in pom file?</strong></p>',1,1,2,0,72,5,_binary '\0'),(123,'2020-07-09 17:40:57','2020-07-09 17:40:57','<p><strong>Which of the following command can be used to look at the default configurations of the super POM?</strong></p>',1,1,2,0,72,5,_binary '\0'),(124,'2020-07-09 17:46:40','2020-07-09 17:46:40','<p><strong>Which of the following phase in maven life cycle performs actions required before integration tests are executed. For example, setting up the required environment?</strong></p>',1,1,2,0,72,5,_binary '\0'),(125,'2020-07-09 17:50:29','2020-07-09 17:50:29','<p><strong>Maven Plugins are generally used to:</strong></p>',1,1,3,2,72,15,_binary '\0'),(126,'2020-07-09 17:52:15','2020-07-09 17:52:15','<p><strong>POM is an XLM file?</strong></p>',1,1,1,0,72,5,_binary '\0'),(127,'2020-07-09 17:56:19','2020-07-09 17:56:19','<p><strong>Which of the following is true about maven artifact?</strong></p>',1,1,3,2,72,15,_binary '\0'),(128,'2020-07-09 17:59:24','2020-07-09 17:59:24','<p><strong>Which of the following phase in maven life cycle installs the package into the local repository, for use as a dependency in other projects locally?</strong></p>',1,1,2,2,72,15,_binary '\0'),(129,'2020-07-09 18:03:50','2020-07-09 18:03:50','<p><strong>Which of the following is true about Maven repository?</strong></p>',1,1,2,2,72,15,_binary '\0'),(130,'2020-07-09 18:06:43','2020-07-09 18:06:43','<p><strong>Which of the following maven plugin executes during the build and should be configured in the element of pom.xml?</strong></p>',1,1,2,2,72,15,_binary '\0'),(131,'2020-07-09 18:10:49','2020-07-09 18:10:49','<p><strong>Which of the following scope indicates that dependency is not required for compilation, but is required during execution?</strong></p>',1,1,2,0,72,5,_binary '\0'),(132,'2020-07-09 18:12:21','2020-07-09 18:12:21','<p><strong>What is the use of execution element in pom file?</strong></p>',1,1,2,0,72,5,_binary '\0'),(133,'2020-07-09 18:14:03','2020-07-09 18:14:03','<p><strong>mvn help:super-pom </strong>can be used to look at the default configurations of the super POM?</p>',1,1,1,0,72,5,_binary '\0'),(134,'2020-07-09 18:14:50','2020-07-09 18:14:50','<p><strong>Which of the following phase in maven life cycle performs actions required before integration tests are executed. For example, setting up the required environment?</strong></p>',1,1,2,2,72,15,_binary '\0'),(135,'2020-07-09 18:15:41','2020-07-09 18:15:41','<p><strong>Maven Plugins are generally used to:</strong></p>',1,1,3,0,72,5,_binary '\0'),(136,'2020-07-10 07:48:40','2020-07-10 07:48:40','<p><strong>Which of the following is correct about manual testing?</strong></p>',1,1,2,0,75,5,_binary '\0'),(137,'2020-07-10 07:49:35','2020-07-10 07:49:35','<p><strong>Which of the following is correct about Fixture?</strong></p>',1,1,2,0,75,5,_binary '\0'),(138,'2020-07-10 09:46:45','2020-07-10 09:46:45','<p><strong>Which of the following class is a Composite of Tests?</strong></p>',3,3,2,1,75,10,_binary '\0'),(139,'2020-07-10 10:02:25','2020-07-13 21:11:18','<p><strong>Which of the following method of TestCase class runs the test case and collects the results in TestResult?</strong></p>',3,3,2,1,74,10,_binary '\0'),(140,'2020-07-10 10:16:00','2020-07-10 10:16:00','<p><strong>Which of the following method of TestResult class marks that the test run should stop?</strong></p>',3,3,2,0,75,5,_binary '\0'),(141,'2020-07-10 12:02:13','2020-07-10 12:02:13','<p><strong>Annotating a public void method with @Before causes that method to be run before each Test method.</strong></p>',3,3,1,1,75,10,_binary '\0'),(142,'2020-07-10 12:02:31','2020-07-13 21:11:35','<p><strong>@RunWith and @Suite annotation are used to run the suite test.</strong></p>',3,3,1,2,75,15,_binary '\0'),(143,'2020-07-10 12:03:05','2020-07-10 12:03:05','<p><strong>Parameterized tests allow developer to run the same test over and over again using same values.</strong></p>',3,3,1,0,75,5,_binary '\0'),(144,'2020-07-10 12:04:10','2020-07-10 12:04:10','<p><strong>Eclipse supports JUnit integration using its plugin.</strong></p>',3,3,1,0,75,5,_binary '\0'),(145,'2020-07-10 12:06:34','2020-07-10 12:06:34','<p><strong>Which of the following is correct about JUnit?</strong></p>',3,3,3,2,75,15,_binary '\0'),(146,'2020-07-10 12:07:16','2020-07-10 12:07:16','<p><strong>Which of the following class contains a set of assert methods?</strong></p>',3,3,2,1,75,10,_binary '\0'),(147,'2020-07-10 12:08:31','2020-07-10 12:08:31','<p><strong>Which of the following annotation tells JUnit that the public void method to which it is attached can be run as a test case?</strong></p>',3,3,2,1,75,10,_binary '\0'),(148,'2020-07-10 12:09:17','2020-07-10 12:09:17','<p><strong>Which of the following method of TestCase class counts the number of test cases executed by run(TestResult result)?</strong></p>',3,3,2,1,75,10,_binary '\0'),(149,'2020-07-10 12:10:24','2020-07-10 12:10:24','<p><strong>Which of the following method of TestResult class informs the result that a test was completed?</strong></p>',3,3,2,2,75,15,_binary '\0'),(150,'2020-07-10 12:11:33','2020-07-10 12:11:33','<p><strong>Which of the following method of TestResult class returns an Enumeration for the errors?</strong></p>',3,3,2,0,75,5,_binary '\0'),(151,'2020-07-10 12:11:53','2020-07-10 12:11:53','<p><strong>Annotating a public void method with @After causes that method to be run after each Test method.</strong></p>',3,3,1,0,75,5,_binary '\0'),(152,'2020-07-10 12:12:08','2020-07-10 12:12:08','<p><strong>@RunWith and @Suite annotation are used to run the suite test.</strong></p>',3,3,1,1,75,10,_binary '\0'),(153,'2020-07-10 12:12:16','2020-07-10 12:12:16','<p><strong>JUnit provides Assertions for testing expected results.</strong></p>',3,3,1,1,75,10,_binary '\0'),(154,'2020-07-10 12:12:27','2020-07-10 12:12:27','<p><strong>Assert contains a set of assert methods.</strong></p>',3,3,1,1,75,10,_binary '\0'),(155,'2020-07-10 12:19:13','2020-07-10 12:19:13','<p><strong>Which of the following is correct about Bootstrap Mobile First Strategy?</strong></p>',3,3,3,1,46,10,_binary '\0'),(156,'2020-07-10 12:21:15','2020-07-10 12:21:15','<p><strong>Which of the following class styles a table with borders surrounding every element and rounded corners around the entire table?</strong></p>',3,3,2,1,46,10,_binary '\0'),(157,'2020-07-10 12:22:00','2020-07-10 12:22:00','<p><strong>Which of the following bootstrap style of button deemphasize a button by making it look like a link while maintaining button behavior?</strong></p>',3,3,2,1,46,10,_binary '\0'),(158,'2020-07-10 12:26:49','2020-07-10 12:26:49','<p><strong>Which of the following bootstrap style helps to combine sets of &lt;code&gt;&lt;div class=\"btn-group\"&gt;&lt;/code&gt; into a &lt;/code&gt;&lt;div class=\"btn-toolbar\"&gt;&lt;/code&gt; for more complex components?</strong></p>',3,3,2,1,46,10,_binary '\0'),(159,'2020-07-10 12:28:20','2020-07-10 12:28:20','<p><strong>Which of the following bootstrap style makes a set of buttons appear vertically stacked rather than horizontally?</strong></p>',3,3,2,1,46,10,_binary '\0'),(160,'2020-07-10 12:30:38','2020-07-10 12:30:38','<p><strong>Which of the following bootstrap style can be used to create a pager on a page?</strong></p>',3,3,2,1,46,10,_binary '\0'),(161,'2020-07-10 12:31:21','2020-07-10 12:31:21','<p><strong>Which of the following bootstrap style can be used to align .pager buttons?</strong></p>',3,3,2,1,46,10,_binary '\0'),(162,'2020-07-10 12:32:56','2020-07-10 12:32:56','<p><strong>Which of the following is correct about bootstrap wells?</strong></p>',3,3,3,2,46,15,_binary '\0'),(163,'2020-07-10 12:33:54','2020-07-10 12:33:54','<p><strong>Which of the following is correct about Tab Plugin?</strong></p>',3,3,2,2,46,15,_binary '\0'),(164,'2020-07-10 12:34:56','2020-07-10 12:34:56','<p><strong>Which of the following is correct about Popover Plugin?</strong></p>',3,3,2,1,46,10,_binary '\0'),(165,'2020-07-10 12:45:00','2020-07-10 12:45:00','<p>AngularJs is another name of Angular?</p>',3,3,1,1,50,10,_binary '\0'),(166,'2020-07-10 13:36:38','2020-07-10 13:36:38','<p><strong>What MVC stands for?</strong></p>',3,3,2,1,50,10,_binary '\0'),(167,'2020-07-10 13:40:54','2020-07-10 13:40:54','<p><strong>Which of the following is true about $dirty flag?</strong></p>',3,3,2,1,50,10,_binary '\0'),(168,'2020-07-10 13:47:21','2020-07-10 13:47:21','<p><strong>Which of the following is true about $invalid flag?</strong></p>',3,3,2,1,50,10,_binary '\0'),(169,'2020-07-10 13:56:06','2020-07-10 13:56:06','<p><strong>Which of the following is true about AngularJS service?</strong></p>',3,3,3,1,50,10,_binary '\0'),(170,'2020-07-10 13:57:49','2020-07-10 13:57:49','<p><strong>On which of the following types of component can we create a custom directive?</strong></p>',3,3,2,1,50,10,_binary '\0'),(171,'2020-07-10 14:00:31','2020-07-10 14:00:31','<p><strong>ng-model binds the values of AngularJS application data to HTML input controls.</strong></p>',3,3,1,1,50,10,_binary '\0'),(172,'2020-07-10 14:00:40','2020-07-10 14:00:40','<p><strong>Each controller accepts $scope as a parameter which refers to the application/module that controller is to control.</strong></p>',3,3,1,1,50,10,_binary '\0'),(173,'2020-07-10 14:01:11','2020-07-10 14:01:11','<p><strong>In AngularJS, Scope contains the model data.</strong></p>',3,3,1,1,50,10,_binary '\0'),(174,'2020-07-10 14:13:46','2020-07-10 14:13:46','<p><strong>In which of the following areas, Node.js is perfect to use?</strong></p>',3,3,2,1,76,10,_binary '\0'),(175,'2020-07-10 14:15:42','2020-07-10 14:15:42','<p><strong>Which of the following is true about package.json?</strong></p>',3,3,2,1,76,10,_binary '\0'),(176,'2020-07-10 14:16:43','2020-07-10 14:16:43','<p><strong>Which of the following provides in-built events.</strong></p>',3,3,2,1,76,10,_binary '\0'),(177,'2020-07-10 14:18:07','2020-07-10 14:18:07','<p><strong>Which method of fs module is used to close a file?</strong></p>',3,3,2,1,76,10,_binary '\0'),(178,'2020-07-10 14:19:40','2020-07-10 14:19:40','<p><strong>Which of the following is true about clearTimeout(t) global function?</strong></p>',3,3,2,1,76,10,_binary '\0'),(179,'2020-07-10 14:21:40','2020-07-10 14:21:40','<p><strong>Is process a global object?</strong></p>',3,3,1,1,76,10,_binary '\0'),(180,'2020-07-10 14:22:19','2020-07-10 14:22:19','<p><strong>Which of the following is the correct way to get an extension of a file?</strong></p>',3,3,2,1,76,10,_binary '\0'),(181,'2020-07-10 14:22:29','2020-07-10 14:22:29','<p><strong>net.isIP(input) tests if input is an IP address or not.</strong></p>',3,3,1,1,76,10,_binary '\0'),(182,'2020-07-10 14:23:20','2020-07-10 14:23:20','<p><strong>Which of the following is true about external binding with respect to domain module?</strong></p>',3,3,2,1,76,10,_binary '\0'),(183,'2020-07-10 14:23:30','2020-07-10 14:23:30','<p><strong>A stream fires data event when there is data available to read.</strong></p>',3,3,1,1,76,10,_binary '\0'),(184,'2020-07-10 14:40:22','2020-07-10 14:40:22','<p><strong>Which of the following is true about php.ini file?</strong></p>',3,3,2,1,91,10,_binary '\0'),(185,'2020-07-10 14:41:24','2020-07-10 14:41:24','<p><strong>Which of the following is correct about determine the \"truth\" of any value not already of the Boolean type?</strong></p>',3,3,3,1,91,10,_binary '\0'),(186,'2020-07-10 14:42:30','2020-07-10 14:42:30','<p><strong>Which of the following magic constant of PHP returns full path and filename of the file?</strong></p>',3,3,2,1,91,10,_binary '\0'),(187,'2020-07-10 14:43:21','2020-07-10 14:43:21','<p><strong>Which of the following array represents an array with strings as index?</strong></p>',3,3,2,1,91,10,_binary '\0'),(188,'2020-07-10 14:45:12','2020-07-10 14:45:12','<p><strong>Which of the following variable is used to generate random numbers using PHP?</strong></p>',3,3,2,1,91,10,_binary '\0'),(189,'2020-07-10 14:46:06','2020-07-10 14:46:06','<p><strong>Singly quoted strings are treated almost literally, whereas doubly quoted strings replace variables with their values as well as specially interpreting certain character sequences.</strong></p>',3,3,1,1,91,10,_binary '\0'),(190,'2020-07-10 14:46:47','2020-07-10 14:46:47','<p><strong>Which of the following is used to create a session?</strong></p>',3,3,2,1,91,10,_binary '\0'),(191,'2020-07-10 15:00:41','2020-07-10 15:00:41','<p><strong>Which of the following provides content type of the uploaded file in PHP?</strong></p>',3,3,2,1,91,10,_binary '\0'),(192,'2020-07-10 15:02:21','2020-07-10 15:02:21','<p><strong>Which of the following method of Exception class returns array of the backtrace?</strong></p>',3,3,2,1,91,10,_binary '\0'),(193,'2020-07-10 15:03:09','2020-07-10 15:03:09','<p><strong>Which of the following method returns a formatted string representing a date?</strong></p>',3,3,2,1,91,10,_binary '\0'),(206,'2020-07-13 22:39:32','2020-07-13 22:39:32','<p><strong>Which of the following are valid reasons for overriding the Run method? (Choose all that apply.)</strong></p>',NULL,NULL,2,2,80,15,_binary '\0'),(208,'2020-07-14 23:57:53','2020-07-14 23:57:53','<h4><strong>What annotation is used to map a method for PUT request?</strong></h4>',NULL,NULL,2,1,73,10,_binary '\0'),(210,'2020-07-16 20:29:21','2020-07-16 20:29:21','<p><strong>Which of the following is a reserved keyword in C#?</strong></p>',NULL,NULL,2,0,80,5,_binary '\0'),(211,'2020-07-16 20:58:22','2020-07-16 20:58:22','<p><strong>What is the first request sent to start HTTP polling?</strong></p>',NULL,NULL,3,0,80,5,_binary '\0'),(215,'2020-07-24 12:12:49','2020-07-24 12:12:49','<p><strong>What of the following is the default value of an instance variable?</strong></p>',NULL,NULL,2,0,73,5,_binary '\0');
/*!40000 ALTER TABLE `question` ENABLE KEYS */;
UNLOCK TABLES;

--
-- Table structure for table `question_type`
--

DROP TABLE IF EXISTS `question_type`;
/*!40101 SET @saved_cs_client     = @@character_set_client */;
/*!50503 SET character_set_client = utf8mb4 */;
CREATE TABLE `question_type` (
  `id` bigint NOT NULL AUTO_INCREMENT,
  `description` varchar(255) DEFAULT NULL,
  `type_code` varchar(255) DEFAULT NULL,
  PRIMARY KEY (`id`)
) ENGINE=MyISAM AUTO_INCREMENT=4 DEFAULT CHARSET=utf8mb4 COLLATE=utf8mb4_0900_ai_ci;
/*!40101 SET character_set_client = @saved_cs_client */;

--
-- Dumping data for table `question_type`
--

LOCK TABLES `question_type` WRITE;
/*!40000 ALTER TABLE `question_type` DISABLE KEYS */;
INSERT INTO `question_type` VALUES (1,'True/False','TF'),(2,'Multiple Choice','MC'),(3,'Multiple Select','MS');
/*!40000 ALTER TABLE `question_type` ENABLE KEYS */;
UNLOCK TABLES;

--
-- Table structure for table `role`
--

DROP TABLE IF EXISTS `role`;
/*!40101 SET @saved_cs_client     = @@character_set_client */;
/*!50503 SET character_set_client = utf8mb4 */;
CREATE TABLE `role` (
  `id` bigint NOT NULL AUTO_INCREMENT,
  `name` varchar(255) DEFAULT NULL,
  PRIMARY KEY (`id`)
) ENGINE=MyISAM AUTO_INCREMENT=6 DEFAULT CHARSET=utf8mb4 COLLATE=utf8mb4_0900_ai_ci;
/*!40101 SET character_set_client = @saved_cs_client */;

--
-- Dumping data for table `role`
--

LOCK TABLES `role` WRITE;
/*!40000 ALTER TABLE `role` DISABLE KEYS */;
INSERT INTO `role` VALUES (1,'ROLE_ADMIN'),(3,'ROLE_LECTURER'),(4,'ROLE_STUDENT');
/*!40000 ALTER TABLE `role` ENABLE KEYS */;
UNLOCK TABLES;

--
-- Table structure for table `role_user`
--

DROP TABLE IF EXISTS `role_user`;
/*!40101 SET @saved_cs_client     = @@character_set_client */;
/*!50503 SET character_set_client = utf8mb4 */;
CREATE TABLE `role_user` (
  `user_id` bigint NOT NULL,
  `role_id` bigint NOT NULL,
  `id` bigint NOT NULL AUTO_INCREMENT,
  PRIMARY KEY (`id`),
  KEY `FKiqpmjd2qb4rdkej916ymonic6` (`role_id`),
  KEY `FK4320p8bgvumlxjkohtbj214qi` (`user_id`)
) ENGINE=MyISAM AUTO_INCREMENT=315 DEFAULT CHARSET=utf8mb4 COLLATE=utf8mb4_0900_ai_ci;
/*!40101 SET character_set_client = @saved_cs_client */;

--
-- Dumping data for table `role_user`
--

LOCK TABLES `role_user` WRITE;
/*!40000 ALTER TABLE `role_user` DISABLE KEYS */;
INSERT INTO `role_user` VALUES (3,3,5),(4,4,6),(11,4,11),(12,4,12),(47,4,13),(48,4,14),(49,4,15),(50,4,16),(51,4,17),(52,4,18),(53,4,19),(54,4,20),(55,4,21),(56,4,22),(57,4,23),(58,4,24),(59,4,25),(60,4,26),(61,4,27),(62,4,28),(63,4,29),(64,4,30),(65,4,31),(66,4,32),(67,4,33),(68,4,34),(69,4,35),(70,4,36),(71,4,37),(72,4,38),(73,4,39),(74,4,40),(75,4,41),(76,4,42),(77,4,43),(78,4,44),(79,4,45),(80,4,46),(81,4,47),(82,4,48),(83,4,49),(84,4,50),(85,4,51),(86,4,52),(87,4,53),(88,4,54),(89,4,55),(90,4,56),(91,4,57),(92,4,58),(93,4,59),(94,4,60),(95,4,61),(96,4,62),(97,4,63),(98,4,64),(99,4,65),(100,4,66),(101,4,67),(102,4,68),(103,4,69),(104,4,70),(105,4,71),(106,4,72),(107,4,73),(108,4,74),(109,4,75),(110,4,76),(111,4,77),(112,4,78),(113,4,79),(114,4,80),(115,4,81),(116,4,82),(117,4,83),(118,4,84),(119,4,85),(120,4,86),(121,4,87),(122,4,88),(123,4,89),(124,4,90),(125,4,91),(126,4,92),(127,4,93),(128,4,94),(129,4,95),(130,4,96),(131,4,97),(132,4,98),(133,4,99),(134,4,100),(135,4,101),(136,4,102),(137,4,103),(138,4,104),(197,4,163),(198,4,164),(199,4,165),(200,4,166),(201,4,167),(1,1,169),(204,4,170);
/*!40000 ALTER TABLE `role_user` ENABLE KEYS */;
UNLOCK TABLES;

--
-- Table structure for table `users`
--

DROP TABLE IF EXISTS `users`;
/*!40101 SET @saved_cs_client     = @@character_set_client */;
/*!50503 SET character_set_client = utf8mb4 */;
CREATE TABLE `users` (
  `id` bigint NOT NULL AUTO_INCREMENT,
  `email` varchar(255) DEFAULT NULL,
  `password` varchar(255) DEFAULT NULL,
  `username` varchar(50) DEFAULT NULL,
  `profile_id` bigint DEFAULT NULL,
  `created_date` datetime DEFAULT NULL,
  `deleted` bit(1) DEFAULT NULL,
  `lastest_login_date` datetime DEFAULT NULL,
  `intake_id` bigint DEFAULT NULL,
  PRIMARY KEY (`id`),
  UNIQUE KEY `username_UNIQUE` (`username`),
  KEY `FKof44u64o1d7scaukghm9veo23` (`profile_id`),
  KEY `FKoyj5ikudsy54xbe8yl82mhquy` (`intake_id`)
) ENGINE=MyISAM AUTO_INCREMENT=349 DEFAULT CHARSET=utf8mb4 COLLATE=utf8mb4_0900_ai_ci;
/*!40101 SET character_set_client = @saved_cs_client */;

--
-- Dumping data for table `users`
--

LOCK TABLES `users` WRITE;
/*!40000 ALTER TABLE `users` DISABLE KEYS */;
INSERT INTO `users` VALUES (1,'thanhtam28ss@gmail.com','$2a$10$3uoc7ak7mdukZO/emOKop.n3258i8g1PeIlEcl0mfiKibcP2nLriK','thanhtam28ss',222,'2020-04-16 16:36:54',_binary '\0','2020-07-24 12:08:54',NULL),(3,'tamht432@gmail.com','$2a$10$y7Oz64d9hPUT4NUGsfP0w.mdWN7M2YMKuS2W7YPCq3uH1BVtzb33m','tamht298',224,'2020-04-16 16:36:54',_binary '\0','2020-07-14 09:23:33',NULL),(4,'tamht298@gmail.com','$2a$10$.AAAIFRcx7l8Sjk0SVKoj.ZHxm.IRKCVqSMraPLv8I47OWaPdBDm2','1624801040051',227,'2020-04-16 16:36:54',_binary '\0','2020-07-24 11:10:51',1),(11,'tanloi.bdp@gmail.com','$2a$10$oCQp9pSWg7Qxl1boJx7StOm2nRRXBS2yqlXKoNDVkKW0r/E3KAyGm','1524801040079',228,'2020-04-16 16:36:54',_binary '\0','2020-05-07 09:38:20',1),(12,'quocbao3398@gmail.com','$2a$10$Y3axGDOm.SlN2ARWaD9x6eBU8Yl9AL5dkb6GuEXSzh5YOsgTV1Czy','1624801040003',8,'2020-04-16 16:36:54',_binary '\0','2020-07-17 10:54:56',1),(47,'minhlove1208e@gmail.com','$2a$10$1n8pARJoU0hux.XiK2xLbeWdkekbEmzek8K47ZMrNsbStStLp59tq','1524801040049',221,'2020-04-16 16:36:53',_binary '\0','2020-07-16 20:44:30',1),(49,'laivanhieu610@gmail.com','$2a$10$oUDEgDo.jaJDcJoIQx79OuLalvDYTub2tiu.keC3whoqSLjKx8sdW','1524801030009',45,'2020-04-16 16:36:53',_binary '\0','2020-07-09 09:07:43',1),(50,'ngobacuong2016@gmail.com','$2a$10$Q40B/Ush2jrRzUs99WMMROT.3cjwHmUVHE.t1XNOvRXtM/eFafHJi','1624801040004',46,'2020-04-16 16:36:53',_binary '\0','2020-04-16 16:36:53',1),(51,'badatdp69@gmail.com','$2a$10$Rrk2J3B.FqP3hsbYds/KL.F2UUkZNVFN3l4VX24e8ibf/yzGosNGW','1624801040010',216,'2020-04-16 16:36:53',_binary '\0','2020-07-10 20:23:50',1),(52,'tranphuocduc1998@gmail.com','$2a$10$sd3gDGhiW8DOKjX8gTlRdOTplA30zxRe.VrdyVMo5D2lAv6pnBsba','1624801040012',48,'2020-04-16 16:36:53',_binary '\0','2020-07-01 20:50:55',1),(53,'thuydungtk98@gmail.com','$2a$10$s/MecuW/9SBcvxG7oOqtY.kvZwNpa3wnBdLjFQ5Eck9fwfao01xtO','1624801040005',49,'2020-04-16 16:36:53',_binary '\0','2020-07-09 09:20:28',1),(54,'chaudaiduong98@gmail.com','$2a$10$JN0HJaGc9mCZZRcsup9RS.KxqD.FkSNn9cEVYnEVEPEKprFj9cqp6','1624801040077',50,'2020-04-16 16:36:53',_binary '\0','2020-07-02 10:47:38',1),(55,'tranvangiaud16ht0w1@gmail.com','$2a$10$8MI8.AT5uJCpx4WAu4kgJeVutYv5izAyU1/G2b7JHqEHqgqwxdWey','1624801040014',51,'2020-04-16 16:36:53',_binary '\0','2020-07-16 20:50:28',2),(56,'conghau3003@gmail.com','$2a$10$jgBXufx9DSrZkvaXdV9Pg.2R3MN8ccAzW0l4vseZOUafbE3DYtf7C','1424801040093',52,'2020-04-16 16:36:53',_binary '\0','2020-07-02 10:47:54',2),(57,'vanhiep1998@gmail.com','$2a$10$ziJwGTBwfybzg3qLvm/R6O5uyp6ZdbPZJJLw8huwwUzHyo1Jxdwbq','1624801040019',53,'2020-04-16 16:36:53',_binary '\0','2020-07-10 20:30:54',2),(58,'phamhieu5969@gmail.com','$2a$10$BVf4bOSsEhNOkpypUqJ62u8PxYEPLvRbqoNnYekFa2DaM40uDJ8UO','1624801040020',54,'2020-04-16 16:36:53',_binary '\0','2020-04-16 16:36:53',2),(59,'duykhanh220998@gmail.com','$2a$10$6VABMaFL13KSpHckHFsEWO54Zfla5F1melN.jcTaze8VOk.91khw6','1624801040027',213,'2020-04-16 16:36:53',_binary '\0','2020-05-06 10:20:14',2),(60,'cheuhyakuroku@gmail.com','$2a$10$P5vV9.POHrEM.gI9oL6/fusE83fioZNZDgn3yXGgdjfNnE37o7gBq','1624801040030',56,'2020-04-16 16:36:54',_binary '\0','2020-04-16 16:36:53',2),(61,'ngthitramy92@gmail.com','$2a$10$H4Fl8ZtHYcU8WwyLRr29oe/Ngk3BnzTyGoU3WcPIX3GOaMABOoUm.','1624801040076',57,'2020-04-16 16:36:54',_binary '\0','2020-07-10 20:26:14',2),(62,'crazycowboy10041997@gmail.com','$2a$10$.H4mUh38p8L0BSRt/LKcaOmrC7PobKty6wJCYG2rSDkhu7KOCN.L6','1624801040032',58,'2020-04-16 16:36:54',_binary '\0','2020-07-11 21:44:48',2),(63,'thuynga30898@gmail.com','$2a$10$tYxs.qZDRA0hYn03tmlUOOymx3ynCycEGNqlpK/n5JQWtsZQUDxz2','1624801040033',59,'2020-04-16 16:36:54',_binary '\0','2020-04-16 16:36:53',2),(64,'bichngocd16ht01@gmail.com','$2a$10$/B5/jf84IH5FpYF6EE0Xx.Hs9Ff1jpZdAU2wcSpnpws8PoAKqqoHi','1624801040036',60,'2020-04-16 16:36:54',_binary '\0','2020-04-16 16:36:53',2),(65,'hominhnhuthttt@gmail.com','$2a$10$WStxrA8B1rmQ5BRhOcQb..YnDbCVX.LbDMasMhQzflge.PYKDBD0W','1624801040040',61,'2020-04-16 16:36:54',_binary '\0','2020-04-16 16:36:53',2),(66,'nhut30011998@gmail.com','$2a$10$xGBhNrOl/RMNao6viKLmTO.yUqtd8efiCUZEvoWOdAD8UbQJG1tjC','1624801040041',62,'2020-04-16 16:36:54',_binary '\0','2020-04-16 16:36:53',3),(67,'269phuchoang@gmail.com','$2a$10$WcWEUHz0OKq4DJP1pUCf4OylS3CtESu43bzQvNrOVEdgyPOzrzZP.','1624801040074',63,'2020-04-16 16:36:54',_binary '\0','2020-04-16 16:36:53',3),(68,'hoaiphuong26071998@gmail.com','$2a$10$2j5uZ94son2X/wCZ38owves5hMRZBVc2npLsonGmpqB1dapVfM7La','1624801040044',64,'2020-04-16 16:36:54',_binary '\0','2020-04-16 16:36:53',3),(69,'quynguyen97cntt@gmail.com','$2a$10$cyqdcBcXbdt8S3RGWKZ2k.6ZRQLfQvmdUmc0X7ZaUCB5t7C.fgw2W','1624801040046',65,'2020-04-16 16:36:54',_binary '\0','2020-04-16 16:36:53',3),(70,'lethinhuquynh365@gmail.com','$2a$10$mp.v9IEzr3mVprO0OSga/.SZzxrKPlCRtMSVirnp5iyBPbcv8BasS','1624801040047',66,'2020-04-16 16:36:54',_binary '\0','2020-04-16 16:36:53',3),(71,'lesang0169@gmail.com','$2a$10$PyAEpr8wZi.X.udxNzxrpObYc7IBZX004jKbqG6M5XQXd3zsBkKa2','1624801040048',67,'2020-04-16 16:36:54',_binary '\0','2020-04-16 16:36:53',3),(72,'ncsang98@gmail.com','$2a$10$e1AztwgeOuhiFMvNRmlb8evaK2Y1H0J/h0sRijFhoh/WdUl9Ruh.q','1624801040049',68,'2020-04-16 16:36:54',_binary '\0','2020-04-16 16:36:53',3),(73,'taiht2531998@gmail.com','$2a$10$YleBKE7ZAp6N3Hr9ya9Q7e2Wm8SJCSW1qb6MIiem1h9/2stoukIHe','1624801040050',69,'2020-04-16 16:36:54',_binary '\0','2020-04-16 16:36:53',3),(74,'trantan598497@gmail.com','$2a$10$KAwiWpZV4UhwoE3.mpqxJeKLWVRMqA51tpFsDb6Pa/EPvEXC1IWRG','1624801040052',70,'2020-04-16 16:36:54',_binary '\0','2020-04-16 16:36:53',3),(75,'thanhmoc115@gmail.com','$2a$10$Hd7O985GSz1UgpSGp5d46uJVmsbJcqOhXv5Ylf3zwp2zsHQJAynUS','1624801040059',71,'2020-04-16 16:36:54',_binary '\0','2020-04-16 16:36:53',4),(76,'tanthanhphuochoa@gmail.com','$2a$10$UQtHVpXChQjy8WsyO9n2iuFlqCQLwLV3t91z1TrPtTnLSLN2rQnDK','1624801040060',72,'2020-04-16 16:36:54',_binary '\0','2020-04-16 16:36:53',4),(77,'trongthanh20161998@gmail.com','$2a$10$WB5FPHmMf93206T4/0P4d.dX2znXnD0gpTNKwO.eqUzdrDABSAlGS','1624801040061',73,'2020-04-16 16:36:54',_binary '\0','2020-04-16 16:36:53',4),(78,'t0912938394@gmail.com','$2a$10$fWur68.g8nNd98R/vwwytOa4Eq0xs4hdbSH.UBBaUOxX6BpAwpIpq','1624801040068',74,'2020-04-16 16:36:54',_binary '\0','2020-04-16 16:36:53',4),(79,'leanhtuan19597@gmail.com','$2a$10$xXsOEXMFCuGSdwh0iIY3N.MFagQ6UCS3HylDHJ1QcypnJV7AZzukm','1624801040087',75,'2020-04-16 16:36:55',_binary '\0','2020-04-16 16:36:53',4),(80,'hnqv1998bd@gmail.com','$2a$10$N8VJQbGC.6LrK3lsrqMKQ.qfNwevSBgTNt6/jO4q5zQ0NnKC1xQcO','1624801040070',76,'2020-04-16 16:36:55',_binary '\0','2020-04-16 16:36:53',4),(81,'nguyenduy27997@gmail.com','$2a$10$jf08HkTOd/avL9BKobXbJ.m2tKTb.8OfhMLdh7Mw5YGV6ouoTPkxK','1524801040022',77,'2020-04-16 17:02:12',_binary '\0','2020-04-16 16:36:53',4),(82,'hdgiahuy1@gmail.com','$2a$10$CAIPQ2Fmcl4XVFn9OXioGe6ncv8Vd7jBq1FyVcDyJQAE0ak9peTXK','1524801040038',78,'2020-04-16 17:02:12',_binary '\0','2020-04-16 16:36:53',4),(83,'hoangduynam20996@gmail.com','$2a$10$o/TILnTPglrfIdTDJ7LHZ.YLZQ.VPhmqHdBC0HOyU69S/UyHdIS7a','1524801040026',79,'2020-04-16 17:02:12',_binary '\0','2020-04-16 16:36:53',4),(84,'nhoxluxubu126@gmail.com','$2a$10$rqGWL14D55MzNX8Lcdn.a.y4eY8ATpqQINmN92UtRZWDkbK2c1asO','1524801040010',217,'2020-04-16 17:02:12',_binary '\0','2020-05-06 21:49:28',4),(85,'masterapple102@gmail.com','$2a$10$2vDiQVOlqKLJ03EvDaeu7OcJD8KO0srFFIwsm9d3MQugNQA9JJ9AG','1524801040006',81,'2020-04-16 17:02:12',_binary '\0','2020-04-16 16:36:53',4),(86,'vphung01@gmail.com','$2a$10$nOiEBI49UVnqEXgq0xnEFu/xUEhM9MmW9Tx04ekNZDx5e3mXw/ZRy','1524801030078',82,'2020-04-16 17:02:12',_binary '\0','2020-04-16 16:36:53',4),(87,'nofhhhh142@gmail.com','$2a$10$XPCXZahygXnd/Idh2jLxeOQRXuk8r3/RM9/IBWU2zOzshEFFxPBai','1824801030128',83,'2020-04-16 17:02:12',_binary '\0','2020-04-16 16:36:53',5),(88,'phamdinhchanhtruc2305@gmail.com','$2a$10$1NCW43g3s0wFHMQIapsPgeUmY47hAy6e9JfsxJYv4Fjt5CDvuVdRK','1824801030137',84,'2020-04-16 17:02:12',_binary '\0','2020-04-16 16:36:53',5),(89,'thobigboss@gmail.com','$2a$10$TPAI2.OqNdZnLS2ULV7Z0.nDOTfvWA1eO9b1NXv2TYz/TUYsMNlPO','1924801040041',85,'2020-04-16 17:02:12',_binary '\0','2020-04-16 16:36:53',5),(90,'thanh.hp2907@gmail.com','$2a$10$eq/aPak9Qiu5AtkYfNYsRuFPlq1PrZdbHsLwXa9O96gm5KAG7xGoO','1924801040007',86,'2020-04-16 17:02:12',_binary '\0','2020-04-16 16:36:53',5),(91,'vansu22052001@gmail.com','$2a$10$Qt8c9PAkYTRqon8WyeMJX.yVfuVNOQnHJ1m4OZDoZtN/L2PY4p8ey','1924801040009',87,'2020-04-16 17:02:12',_binary '\0','2020-04-16 16:36:53',5),(92,'letienkhang0812@gmail.com','$2a$10$kL1BXkE1SCCMgJXj/B7QQemR.fMvXGGSBM9jVv3oMhgLNzKamSu4q','1924801040012',88,'2020-04-16 17:02:12',_binary '\0','2020-04-16 16:36:53',5),(93,'phamanhsang20@gmail.com','$2a$10$H3/DM2vHyiluAsSs/h/AG.eCK0e8EfOuc78dVjt5c52vw3T1Ibw3y','1924801040014',89,'2020-04-16 17:02:12',_binary '\0','2020-04-16 16:36:53',5),(94,'thanhhoangchau12345@gmail.com','$2a$10$43oiRYBUrRjGG2qOzujNBOwlxh3BSMIwUSLXmgpOVaNAmPRru8CF.','1924801040016',90,'2020-04-16 17:02:12',_binary '\0','2020-04-16 16:36:53',5),(95,'thailehoang0409@gmail.com','$2a$10$9i.aWejvwxwNjrIO6DkISu37ghjnUsw.cf644clB9pUoRz21QKVRe','1924801040023',91,'2020-04-16 17:02:13',_binary '\0','2020-04-16 16:36:53',5),(96,'phuquyvn99@gmail.com','$2a$10$5rfHCiH6hb93Y.6.VkK2xukQITn56vEb3bmQOhTPytNLNRUL3LWb6','1924801040032',92,'2020-04-16 17:02:13',_binary '\0','2020-04-16 16:36:53',5),(97,'hoangminh001112@gmail.com','$2a$10$fF8Ink.1HpP57q6JP8KSZOa1zkpNhTqjHVuaCQN/fq7FWJcfi/6Va','1924801040034',93,'2020-04-16 17:02:13',_binary '\0','2020-04-16 16:36:53',5),(98,'voivang034@gmail.com','$2a$10$/cD6ka9WpdQN1jWwgkxNw.n9Sskju6gWhVrYtR1qWP.0i3OaYkMYi','1924801040035',94,'2020-04-16 17:02:13',_binary '\0','2020-04-16 16:36:53',5),(99,'thuha170801@gmail.com','$2a$10$3IaE6cucfcwMOeGc9qNB/egsYKi0S2.oQtOVbxlcUSENXFahAoBLi','1924801040042',95,'2020-04-16 17:02:13',_binary '\0','2020-04-16 16:36:53',5),(100,'duylinhb04@gmail.com','$2a$10$9XLHXqzLERu5x29xfCnRseBr2JsR96ERXCeRxe0OM5aE2AQAf8vSW','1924801040048',96,'2020-04-16 17:02:13',_binary '\0','2020-04-16 16:36:53',6),(101,'huylambibi0042@gmail.com','$2a$10$wZb5q.bo0QaRRUzfQxNtguJCAukL.U.7oN8pe.96VxuT.F1MA2YTK','1924801040051',97,'2020-04-16 17:02:13',_binary '\0','2020-04-16 16:36:53',6),(102,'nguyenphamtan113@gmail.com','$2a$10$2dFqMI9xasXVzZNPHL/jyecLLk.AWEgWOIRDb0Ykof6L4MJEzENGu','1924801040052',98,'2020-04-16 17:02:13',_binary '\0','2020-04-16 16:36:53',6),(103,'nguyenhunghuy27112000@gmail.com','$2a$10$iNhGMd8WHI92/CLp1PpDB.tAxn.aym5GQbZMc.WUEQ9v/ItHuCm2C','1924801040055',99,'2020-04-16 17:02:13',_binary '\0','2020-04-16 16:36:53',6),(104,NULL,'$2a$10$Ra4Wm3NHwYvO72at1LgdaOblSFgg3ykP/DUfUCP937Y0sQQ0RNjka','1924801040058',100,'2020-04-16 17:02:13',_binary '\0','2020-04-16 16:36:53',6),(105,NULL,'$2a$10$podTumG/4Kj5kWocVMZJDepoL9L9WxwxKkudiD3voBsyVa73atlRi','1924801040060',101,'2020-04-16 17:02:13',_binary '\0','2020-04-16 16:36:53',6),(106,NULL,'$2a$10$5yYtxjEQxgOXvA6er2lt2Om7VP1bg5vWO7NGGWAdZEV29ENQrzyvK','1924801040066',102,'2020-04-16 17:02:13',_binary '\0','2020-04-16 16:36:53',6),(107,NULL,'$2a$10$VeZlJSIznV72gVGIwMLz7uLTuv8pEFzglMK.H/jOExxpRLM4R.8oC','1924801040069',103,'2020-04-16 17:02:13',_binary '\0','2020-04-16 16:36:53',6),(108,NULL,'$2a$10$B9jo5984hp5.l28MBY5sIe72Lc/7i2bcgP5.Or7m6otuu1vEvOWvS','1924801040070',104,'2020-04-16 17:02:13',_binary '\0','2020-04-16 16:36:53',6),(109,NULL,'$2a$10$znONDB2O8j3g3lyDjCe7H.pEv2fzoC/pyQCko4Nomb3JzbYNUyZTS','1924801040071',105,'2020-04-16 17:02:13',_binary '\0','2020-04-16 16:36:53',6),(110,NULL,'$2a$10$IynplRF5gSCv.R.banvonO6APEhDpgqsVcbVjEpTLmrz/qppp7NQW','1924801040075',106,'2020-04-16 17:02:13',_binary '\0','2020-04-16 16:36:53',6),(111,NULL,'$2a$10$QjPvlbgQOKktXoao29g4b.FlzvvM.Yw62toyXUQKXNA.vJpuFE1I.','1924801040077',107,'2020-04-16 17:02:13',_binary '\0','2020-04-16 16:36:53',6),(112,NULL,'$2a$10$7ZYPpWDD6ibLbhTkj25sLucEV.ZjFVahqGPldu6Q1ykyXFSuw47UK','1924801040078',108,'2020-04-16 17:02:13',_binary '\0','2020-04-16 16:36:53',6),(113,NULL,'$2a$10$ZjvtSK1FIeGLHS.000TUku9ut6EfdjxgPrdWgIS3xxM13B3UsqvCS','1924801040079',109,'2020-04-16 17:02:13',_binary '\0','2020-04-16 16:36:53',7),(114,NULL,'$2a$10$8LhszpMmEsoUrhU0AVFjW.lqm/Ad55XZxcyNG6BR/rHqie2aWqT7m','1924801040080',110,'2020-04-16 17:02:13',_binary '\0','2020-04-16 16:36:53',7),(115,NULL,'$2a$10$ACKv7KP6qZwk9Qfx/ZANEu3BD0cOwbxXq3Sy2CyGQ/2zxkY0s1NyC','1924801040082',111,'2020-04-16 17:02:14',_binary '\0','2020-04-16 16:36:53',7),(116,NULL,'$2a$10$dQ/zn.xvsDYNlWA6OuAeN.G4dywEBcSiCcFUB1zzNUnQo/R6jrEyW','1924801040085',112,'2020-04-16 17:02:14',_binary '\0','2020-04-16 16:36:53',7),(117,NULL,'$2a$10$3zbv6oqF3H0jMbt/nFgr/OHf1PNx/KKlVK5/CsEkb4bng9gn7yz2W','1924801040086',113,'2020-04-16 17:02:14',_binary '\0','2020-04-16 16:36:53',7),(118,NULL,'$2a$10$XRo6fZBG0M/yJLjVC54e.e6D561YJ1jl7tWZyvuIwJKzdp9K1udwq','1924801040087',114,'2020-04-16 17:02:14',_binary '\0','2020-04-16 16:36:53',7),(119,NULL,'$2a$10$hcS4tFAKwmOmOl3RUKEoruy7mhgmsDBEru1gxi.AxyjeVcB8OkwjG','1924801040093',115,'2020-04-16 17:02:14',_binary '\0','2020-04-16 16:36:53',7),(120,NULL,'$2a$10$VI6r.BBXPt0u79W5f0wwU.9KSru20fpCnRHhVte/GCscwgfJWKlLi','1924801040094',116,'2020-04-16 17:02:14',_binary '\0','2020-04-16 16:36:53',7),(121,NULL,'$2a$10$h4L8g1oPC/VuwKdi8j5mkOFQKOSr.Lf65vGGiYIpzIs.AZvvfHWjm','1924801040095',117,'2020-04-16 17:02:14',_binary '\0','2020-04-16 16:36:53',7),(122,NULL,'$2a$10$2Q00SOo.7WPdnRGRFEOK5ewEYEXyVk98CjE3THe6TdcfkquiqR1lG','1924801040108',118,'2020-04-16 17:02:14',_binary '\0','2020-04-16 16:36:53',6),(123,NULL,'$2a$10$x6/ZSHqskNa5qOzJdQ2YMuw97wUSj4mDAs5URHAB1dJhpiOyDnrrW','1924801040111',119,'2020-04-16 17:02:14',_binary '\0','2020-04-16 16:36:53',6),(124,NULL,'$2a$10$oYJrs/y2yuhFFgmluTM2g.D4niG6bQe9zLZOYFsOrbeDiLRTJ5p1W','1924801040115',120,'2020-04-16 17:02:14',_binary '\0','2020-04-16 16:36:53',6),(125,NULL,'$2a$10$eDOZTI/igvMvu.S1yB3cOeDbta.GRsr0xTTvDMBsY.CcXTErqdr4u','1924801040120',121,'2020-04-16 17:02:14',_binary '\0','2020-04-16 16:36:53',6),(126,NULL,'$2a$10$fKo9AhBbSXBVXx7luYWV3uoXzLQadABlOAjvTboVD5iihTyj9Z4EC','1924801040122',122,'2020-04-16 17:02:14',_binary '\0','2020-04-16 16:36:53',6),(127,NULL,'$2a$10$pEauyytY2/SuJUHy8TQZ6ebgQDHbjwiSYmvzqLTEGQWigXcuaotWK','1924801040126',123,'2020-04-16 17:02:14',_binary '\0','2020-04-16 16:36:53',6),(128,NULL,'$2a$10$1SnJYVJur9FWVm38GGX1B./WSd3HKLjUDOdVuYv95dUO/TAw2RAtW','1924801040130',124,'2020-04-16 17:02:14',_binary '\0','2020-04-16 16:36:53',6),(129,NULL,'$2a$10$wmmcX51kUnVm50CVvME9kuDQKYJiVC2cb0pKRUUJhl.YXSl71z/tS','1924801040135',125,'2020-04-16 17:02:14',_binary '\0','2020-04-16 16:36:53',5),(130,NULL,'$2a$10$id5QBeIPcgQ83SZSNQwRJe4kquBSKJy/AoxugBDZsIjDh1uZ9zp5y','1924801040144',126,'2020-04-16 17:02:14',_binary '\0','2020-04-16 16:36:53',5),(131,NULL,'$2a$10$WBhWc2oYMcXlubfxPxhCquZGoibr0Xdzn08eDoDvBLtnPym7qfarq','1924801040152',127,'2020-04-16 17:02:14',_binary '','2020-04-16 16:36:53',5),(132,NULL,'$2a$10$T0hhyyQDvhzsWlPIuvwzj.p0X9DxXaXZ5OdHP3Q27xPvqhTJqlhTG','1924801040154',128,'2020-04-16 17:02:14',_binary '\0','2020-04-16 16:36:53',5),(133,NULL,'$2a$10$RLHXVRmUWj2GMJNsgsVweuUdOGiGA8hCxTNZJrNaPeJU5Wc2jIaO6','1924801040156',129,'2020-04-16 17:02:14',_binary '\0','2020-07-10 20:27:12',5),(134,NULL,'$2a$10$ziAv2O567ALe9vjs5GLOSuMOXULqbfkekxPmQ1l7uX9P2QDjIQKVy','1924801040158',130,'2020-04-16 17:02:14',_binary '','2020-07-10 20:27:00',7),(135,NULL,'$2a$10$dOAX5HOI9dSoNveNsn/vrexZ1D/Df/7kDGadd6u8CNwNgtv6WLMZ.','1924801040159',131,'2020-04-16 17:02:14',_binary '','2020-04-16 16:36:53',7),(136,NULL,'$2a$10$SmY9g7Df3.clFKshXbWxIOLtoNqvOxXq8KoNvmk.soTBY2FVVrKv6','19l24801040161',132,'2020-04-16 17:02:15',_binary '','2020-04-16 16:36:53',7),(137,NULL,'$2a$10$3YZick0wkejs4X3RwHvOx.vLSkZRugxy9JfZCbAZzKv/FXJzTRp9.','19l24801040162',133,'2020-04-16 17:02:15',_binary '','2020-04-16 16:36:53',7),(138,NULL,'$2a$10$13wYSoq6eS6c4B/WAi7Yq.u2FuLE5seyNULhOgkUbS6IJhTclwMsy','19l24801040163',134,'2020-04-16 17:02:15',_binary '','2020-04-16 16:36:53',7),(197,'nguyenduy7997@gmail.com','$2a$10$BjWEfkfJDGXFjfNMQftDnuI1KJl30rWMGdQP7PwEoFqwzsHhnkFjS','1524861040022',193,'2020-04-16 20:47:29',_binary '','2020-05-03 09:48:00',7),(198,'tempuser1@gmail.com','$2a$10$oBZMiIH47L2j.xijJs8Z1.bZBb1Rr42mNBTMnKSWQQioZJARTp9CK','tempuser1',208,'2020-05-03 22:49:45',_binary '','2020-05-05 10:37:21',7),(199,'tempuser2@gmail.com','$2a$10$L7nRty8vdWqUHAD3Dhu8Ued1d8WJbbkI5/RyQb4t67vxqI9Dwj4nG','tempuser2',195,'2020-05-04 12:15:39',_binary '','2020-05-05 10:37:04',7),(200,'tempuser3@gmail.com','$2a$10$3/FcbgsGv3V1evRWC2VRQuFPf2OU3FrUMgyl/PdUbIfEypkM/auqS','tempuser3',196,'2020-05-04 12:17:00',_binary '','2020-05-04 12:43:06',7),(201,'tempuser4@gmail.com','$2a$10$TAp.ED1/KHSmvn7hNjYHjO35T88/U2ktBj3PhcfOkmv/cfKpnjoUq','tempuser4',197,'2020-05-04 12:22:36',_binary '','2020-05-04 12:39:55',7),(204,'phamhoaihung2408@gmail.com','$2a$10$O8iOZGvfCQPiBdYzlS3S4uC4ZBmNWlP0jma15uaPAT.TZ66M9mp9m','1724801030059',223,'2020-05-06 11:01:00',_binary '\0','2020-05-06 23:15:40',7);
/*!40000 ALTER TABLE `users` ENABLE KEYS */;
UNLOCK TABLES;
/*!40103 SET TIME_ZONE=@OLD_TIME_ZONE */;

/*!40101 SET SQL_MODE=@OLD_SQL_MODE */;
/*!40014 SET FOREIGN_KEY_CHECKS=@OLD_FOREIGN_KEY_CHECKS */;
/*!40014 SET UNIQUE_CHECKS=@OLD_UNIQUE_CHECKS */;
/*!40101 SET CHARACTER_SET_CLIENT=@OLD_CHARACTER_SET_CLIENT */;
/*!40101 SET CHARACTER_SET_RESULTS=@OLD_CHARACTER_SET_RESULTS */;
/*!40101 SET COLLATION_CONNECTION=@OLD_COLLATION_CONNECTION */;
/*!40111 SET SQL_NOTES=@OLD_SQL_NOTES */;

-- Dump completed on 2020-07-26 20:32:55
